"url";"nom";"type_carte";"sous_type";"hp";"evolving_stage";"evolves_from";"competence_1_nom";"competence_1_puissance";"competence_2_nom";"competence_2_puissance";"faiblesse";"retreat"
https://pocket.limitlesstcg.com/cards/A1/1;Bulbasaur;Pokmon;Grass;70;Basic;;Vine Whip;"40";;;Fire;1
https://pocket.limitlesstcg.com/cards/A1/10;Beedrill;Pokmon;Grass;120;Stage 2;https://pocket.limitlesstcg.com/cards/A2b/2;Sharp Sting;"70";;;Fire;1
https://pocket.limitlesstcg.com/cards/A1/100;Electrode;Pokmon;Lightning;80;Stage 1;https://pocket.limitlesstcg.com/cards/A2b/23;Electro Ball;"70";;;Fighting;0
https://pocket.limitlesstcg.com/cards/A1/101;Electabuzz;Pokmon;Lightning;70;Basic;;Thunder Punch;"40+";;;Fighting;1
https://pocket.limitlesstcg.com/cards/A1/102;Jolteon;Pokmon;Lightning;90;Stage 1;https://pocket.limitlesstcg.com/cards/A2a/62;Pin Missile;"40x";;;Fighting;1
https://pocket.limitlesstcg.com/cards/A1/103;Zapdos;Pokmon;Lightning;100;Basic;;Raging Thunder;"100";;;Lightning;1
https://pocket.limitlesstcg.com/cards/A1/104;Zapdos ex;Pokmon;Lightning;130;Basic;;Peck;"20";Thundering Hurricane;"50x";Lightning;1
https://pocket.limitlesstcg.com/cards/A1/105;Blitzle;Pokmon;Lightning;60;Basic;;Zap Kick;"20";;;Fighting;1
https://pocket.limitlesstcg.com/cards/A1/106;Zebstrika;Pokmon;Lightning;90;Stage 1;https://pocket.limitlesstcg.com/cards/A1/105;Thunder Spear;"0";;;Fighting;1
https://pocket.limitlesstcg.com/cards/A1/107;Tynamo;Pokmon;Lightning;30;Basic;;Tiny Charge;"30";;;Fighting;1
https://pocket.limitlesstcg.com/cards/A1/108;Eelektrik;Pokmon;Lightning;80;Stage 1;https://pocket.limitlesstcg.com/cards/A1/107;Head Bolt;"40";;;Fighting;2
https://pocket.limitlesstcg.com/cards/A1/109;Eelektross;Pokmon;Lightning;140;Stage 2;https://pocket.limitlesstcg.com/cards/A1/108;Thunder Fang;"80";;;Fighting;3
https://pocket.limitlesstcg.com/cards/A1/11;Oddish;Pokmon;Grass;60;Basic;;Ram;"20";;;Fire;1
https://pocket.limitlesstcg.com/cards/A1/110;Helioptile;Pokmon;Lightning;60;Basic;;Tail Whap;"20";;;Fighting;1
https://pocket.limitlesstcg.com/cards/A1/111;Heliolisk;Pokmon;Lightning;90;Stage 1;https://pocket.limitlesstcg.com/cards/A3/62;Quick Attack;"40+";;;Fighting;1
https://pocket.limitlesstcg.com/cards/A1/112;Pincurchin;Pokmon;Lightning;70;Basic;;Thunder Shock;"30";;;Fighting;1
https://pocket.limitlesstcg.com/cards/A1/113;Clefairy;Pokmon;Psychic;60;Basic;;Slap;"20";;;Metal;1
https://pocket.limitlesstcg.com/cards/A1/114;Clefable;Pokmon;Psychic;100;Stage 1;https://pocket.limitlesstcg.com/cards/A2a/29;Magical Shot;"40";;;Metal;1
https://pocket.limitlesstcg.com/cards/A1/115;Abra;Pokmon;Psychic;60;Basic;;Teleport;"0";;;Darkness;1
https://pocket.limitlesstcg.com/cards/A1/116;Kadabra;Pokmon;Psychic;80;Stage 1;https://pocket.limitlesstcg.com/cards/A2b/29;Super Psy Bolt;"60";;;Darkness;1
https://pocket.limitlesstcg.com/cards/A1/117;Alakazam;Pokmon;Psychic;130;Stage 2;https://pocket.limitlesstcg.com/cards/A2b/30;Psychic;"60+";;;Darkness;2
https://pocket.limitlesstcg.com/cards/A1/118;Slowpoke;Pokmon;Psychic;70;Basic;;Tail Whap;"30";;;Darkness;2
https://pocket.limitlesstcg.com/cards/A1/119;Slowbro;Pokmon;Psychic;130;Stage 1;https://pocket.limitlesstcg.com/cards/A1/118;Super Psy Bolt;"80";;;Darkness;3
https://pocket.limitlesstcg.com/cards/A1/12;Gloom;Pokmon;Grass;80;Stage 1;https://pocket.limitlesstcg.com/cards/A2/1;Drool;"40";;;Fire;2
https://pocket.limitlesstcg.com/cards/A1/120;Gastly;Pokmon;Psychic;60;Basic;;Suffocating Gas;"20";;;Darkness;1
https://pocket.limitlesstcg.com/cards/A1/121;Haunter;Pokmon;Psychic;80;Stage 1;https://pocket.limitlesstcg.com/cards/A3/220;Will-O-Wisp;"30";;;Darkness;1
https://pocket.limitlesstcg.com/cards/A1/122;Gengar;Pokmon;Psychic;130;Stage 2;https://pocket.limitlesstcg.com/cards/A3/221;Bother;"50";;;Darkness;2
https://pocket.limitlesstcg.com/cards/A1/123;Gengar ex;Pokmon;Psychic;170;Stage 2;https://pocket.limitlesstcg.com/cards/A3/221;Spooky Shot;"100";;;Darkness;2
https://pocket.limitlesstcg.com/cards/A1/124;Drowzee;Pokmon;Psychic;70;Basic;;Mumble;"30";;;Darkness;2
https://pocket.limitlesstcg.com/cards/A1/125;Hypno;Pokmon;Psychic;100;Stage 1;https://pocket.limitlesstcg.com/cards/A1/124;Psypunch;"50";;;Darkness;2
https://pocket.limitlesstcg.com/cards/A1/126;Mr. Mime;Pokmon;Psychic;80;Basic;;Barrier Attack;"30";;;Darkness;1
https://pocket.limitlesstcg.com/cards/A1/127;Jynx;Pokmon;Psychic;80;Basic;;Psychic;"30+";;;Darkness;1
https://pocket.limitlesstcg.com/cards/A1/128;Mewtwo;Pokmon;Psychic;120;Basic;;Power Blast;"120";;;Darkness;2
https://pocket.limitlesstcg.com/cards/A1/129;Mewtwo ex;Pokmon;Psychic;150;Basic;;Psychic Sphere;"50";Psydrive;"150";Darkness;2
https://pocket.limitlesstcg.com/cards/A1/13;Vileplume;Pokmon;Grass;140;Stage 2;https://pocket.limitlesstcg.com/cards/A2/2;Soothing Scent;"80";;;Fire;3
https://pocket.limitlesstcg.com/cards/A1/130;Ralts;Pokmon;Psychic;60;Basic;;Ram;"10";;;Darkness;1
https://pocket.limitlesstcg.com/cards/A1/131;Kirlia;Pokmon;Psychic;80;Stage 1;https://pocket.limitlesstcg.com/cards/A2/68;Smack;"30";;;Darkness;1
https://pocket.limitlesstcg.com/cards/A1/132;Gardevoir;Pokmon;Psychic;110;Stage 2;https://pocket.limitlesstcg.com/cards/A2/69;Psyshot;"60";;;Darkness;2
https://pocket.limitlesstcg.com/cards/A1/133;Woobat;Pokmon;Psychic;60;Basic;;Gnaw;"10";;;Darkness;1
https://pocket.limitlesstcg.com/cards/A1/134;Swoobat;Pokmon;Psychic;90;Stage 1;https://pocket.limitlesstcg.com/cards/A1/133;Heart Stamp;"60";;;Darkness;1
https://pocket.limitlesstcg.com/cards/A1/135;Golett;Pokmon;Psychic;90;Basic;;Mega Punch;"50";;;Darkness;3
https://pocket.limitlesstcg.com/cards/A1/136;Golurk;Pokmon;Psychic;140;Stage 1;https://pocket.limitlesstcg.com/cards/A1/135;Double Lariat;"100x";;;Darkness;4
https://pocket.limitlesstcg.com/cards/A1/137;Sandshrew;Pokmon;Fighting;70;Basic;;Scratch;"10";;;Grass;1
https://pocket.limitlesstcg.com/cards/A1/138;Sandslash;Pokmon;Fighting;100;Stage 1;https://pocket.limitlesstcg.com/cards/A1/137;Slash;"70";;;Grass;2
https://pocket.limitlesstcg.com/cards/A1/139;Diglett;Pokmon;Fighting;50;Basic;;Mud-Slap;"20";;;Grass;1
https://pocket.limitlesstcg.com/cards/A1/14;Paras;Pokmon;Grass;70;Basic;;Scratch;"30";;;Fire;1
https://pocket.limitlesstcg.com/cards/A1/140;Dugtrio;Pokmon;Fighting;70;Stage 1;https://pocket.limitlesstcg.com/cards/A1/139;Dig;"40";;;Grass;1
https://pocket.limitlesstcg.com/cards/A1/141;Mankey;Pokmon;Fighting;60;Basic;;Low Kick;"20";;;Psychic;1
https://pocket.limitlesstcg.com/cards/A1/142;Primeape;Pokmon;Fighting;90;Stage 1;https://pocket.limitlesstcg.com/cards/A1a/41;Fight Back;"40+";;;Psychic;1
https://pocket.limitlesstcg.com/cards/A1/143;Machop;Pokmon;Fighting;70;Basic;;Knuckle Punch;"20";;;Psychic;2
https://pocket.limitlesstcg.com/cards/A1/144;Machoke;Pokmon;Fighting;100;Stage 1;https://pocket.limitlesstcg.com/cards/A3/223;Strength;"50";;;Psychic;2
https://pocket.limitlesstcg.com/cards/A1/145;Machamp;Pokmon;Fighting;150;Stage 2;https://pocket.limitlesstcg.com/cards/A3/224;Seismic Toss;"100";;;Psychic;3
https://pocket.limitlesstcg.com/cards/A1/146;Machamp ex;Pokmon;Fighting;180;Stage 2;https://pocket.limitlesstcg.com/cards/A3/224;Mega Punch;"120";;;Psychic;3
https://pocket.limitlesstcg.com/cards/A1/147;Geodude;Pokmon;Fighting;70;Basic;;Tackle;"20";;;Grass;2
https://pocket.limitlesstcg.com/cards/A1/148;Graveler;Pokmon;Fighting;100;Stage 1;https://pocket.limitlesstcg.com/cards/A1a/43;Rollout;"70";;;Grass;3
https://pocket.limitlesstcg.com/cards/A1/149;Golem;Pokmon;Fighting;160;Stage 2;https://pocket.limitlesstcg.com/cards/A1a/44;Double-Edge;"150";;;Grass;4
https://pocket.limitlesstcg.com/cards/A1/15;Parasect;Pokmon;Grass;120;Stage 1;https://pocket.limitlesstcg.com/cards/A1/14;Slash;"80";;;Fire;2
https://pocket.limitlesstcg.com/cards/A1/150;Onix;Pokmon;Fighting;110;Basic;;Land Crush;"70";;;Grass;4
https://pocket.limitlesstcg.com/cards/A1/151;Cubone;Pokmon;Fighting;60;Basic;;Growl;"0";;;Grass;1
https://pocket.limitlesstcg.com/cards/A1/152;Marowak;Pokmon;Fighting;100;Stage 1;https://pocket.limitlesstcg.com/cards/A3/89;Bone Beatdown;"40";;;Grass;1
https://pocket.limitlesstcg.com/cards/A1/153;Marowak ex;Pokmon;Fighting;140;Stage 1;https://pocket.limitlesstcg.com/cards/A3/89;Bonemerang;"80x";;;Grass;1
https://pocket.limitlesstcg.com/cards/A1/154;Hitmonlee;Pokmon;Fighting;80;Basic;;Stretch Kick;"0";;;Psychic;1
https://pocket.limitlesstcg.com/cards/A1/155;Hitmonchan;Pokmon;Fighting;80;Basic;;Jab;"30";;;Psychic;1
https://pocket.limitlesstcg.com/cards/A1/156;Rhyhorn;Pokmon;Fighting;80;Basic;;Tackle;"60";;;Grass;3
https://pocket.limitlesstcg.com/cards/A1/157;Rhydon;Pokmon;Fighting;120;Stage 1;https://pocket.limitlesstcg.com/cards/A2/80;Horn Drill;"100";;;Grass;4
https://pocket.limitlesstcg.com/cards/A1/158;Kabuto;Pokmon;Fighting;90;Stage 1;https://pocket.limitlesstcg.com/cards/A1/217;Shell Attack;"40";;;Grass;1
https://pocket.limitlesstcg.com/cards/A1/159;Kabutops;Pokmon;Fighting;140;Stage 2;https://pocket.limitlesstcg.com/cards/A1/158;Leech Life;"50";;;Grass;1
https://pocket.limitlesstcg.com/cards/A1/16;Venonat;Pokmon;Grass;60;Basic;;Tackle;"20";;;Fire;1
https://pocket.limitlesstcg.com/cards/A1/160;Mienfoo;Pokmon;Fighting;60;Basic;;Pound;"20";;;Psychic;1
https://pocket.limitlesstcg.com/cards/A1/161;Mienshao;Pokmon;Fighting;80;Stage 1;https://pocket.limitlesstcg.com/cards/A1/160;Spiral Kick;"40";;;Psychic;1
https://pocket.limitlesstcg.com/cards/A1/162;Clobbopus;Pokmon;Fighting;80;Basic;;Knuckle Punch;"30";;;Psychic;2
https://pocket.limitlesstcg.com/cards/A1/163;Grapploct;Pokmon;Fighting;130;Stage 1;https://pocket.limitlesstcg.com/cards/A1/162;Knock Back;"70";;;Psychic;3
https://pocket.limitlesstcg.com/cards/A1/164;Ekans;Pokmon;Darkness;60;Basic;;Bite;"20";;;Fighting;1
https://pocket.limitlesstcg.com/cards/A1/165;Arbok;Pokmon;Darkness;100;Stage 1;https://pocket.limitlesstcg.com/cards/A2b/45;Corner;"60";;;Fighting;2
https://pocket.limitlesstcg.com/cards/A1/166;Nidoran;Pokmon;Darkness;60;Basic;;Call for Family;"0";;;Fighting;1
https://pocket.limitlesstcg.com/cards/A1/167;Nidorina;Pokmon;Darkness;80;Stage 1;https://pocket.limitlesstcg.com/cards/A1/166;Bite;"30";;;Fighting;1
https://pocket.limitlesstcg.com/cards/A1/168;Nidoqueen;Pokmon;Darkness;140;Stage 2;https://pocket.limitlesstcg.com/cards/A1/167;Lovestrike;"80+";;;Fighting;2
https://pocket.limitlesstcg.com/cards/A1/169;Nidoran;Pokmon;Darkness;60;Basic;;Peck;"20";;;Fighting;1
https://pocket.limitlesstcg.com/cards/A1/17;Venomoth;Pokmon;Grass;80;Stage 1;https://pocket.limitlesstcg.com/cards/A1/16;Poison Powder;"30";;;Fire;1
https://pocket.limitlesstcg.com/cards/A1/170;Nidorino;Pokmon;Darkness;90;Stage 1;https://pocket.limitlesstcg.com/cards/A1/169;Horn Attack;"40";;;Fighting;2
https://pocket.limitlesstcg.com/cards/A1/171;Nidoking;Pokmon;Darkness;150;Stage 2;https://pocket.limitlesstcg.com/cards/A1/170;Poison Horn;"90";;;Fighting;3
https://pocket.limitlesstcg.com/cards/A1/172;Zubat;Pokmon;Darkness;50;Basic;;Glide;"10";;;Fighting;1
https://pocket.limitlesstcg.com/cards/A1/173;Golbat;Pokmon;Darkness;70;Stage 1;https://pocket.limitlesstcg.com/cards/A2a/48;Wing Attack;"40";;;Fighting;1
https://pocket.limitlesstcg.com/cards/A1/174;Grimer;Pokmon;Darkness;70;Basic;;Poison Gas;"10";;;Fighting;3
https://pocket.limitlesstcg.com/cards/A1/175;Muk;Pokmon;Darkness;130;Stage 1;https://pocket.limitlesstcg.com/cards/A1/174;Venoshock;"70+";;;Fighting;3
https://pocket.limitlesstcg.com/cards/A1/176;Koffing;Pokmon;Darkness;70;Basic;;Suffocating Gas;"20";;;Fighting;1
https://pocket.limitlesstcg.com/cards/A1/177;Weezing;Pokmon;Darkness;110;Stage 1;https://pocket.limitlesstcg.com/cards/A1a/49;Tackle;"30";;;Fighting;3
https://pocket.limitlesstcg.com/cards/A1/178;Mawile;Pokmon;Metal;70;Basic;;Crunch;"20";;;Fire;1
https://pocket.limitlesstcg.com/cards/A1/179;Pawniard;Pokmon;Metal;50;Basic;;Pierce;"30";;;Fire;1
https://pocket.limitlesstcg.com/cards/A1/18;Bellsprout;Pokmon;Grass;60;Basic;;Vine Whip;"20";;;Fire;1
https://pocket.limitlesstcg.com/cards/A1/180;Bisharp;Pokmon;Metal;90;Stage 1;https://pocket.limitlesstcg.com/cards/A1/179;Metal Claw;"70";;;Fire;1
https://pocket.limitlesstcg.com/cards/A1/181;Meltan;Pokmon;Metal;60;Basic;;Amass;"0";;;Fire;1
https://pocket.limitlesstcg.com/cards/A1/182;Melmetal;Pokmon;Metal;130;Stage 1;https://pocket.limitlesstcg.com/cards/A1/181;Heavy Impact;"120";;;Fire;3
https://pocket.limitlesstcg.com/cards/A1/183;Dratini;Pokmon;Dragon;70;Basic;;Ram;"40";;;none;1
https://pocket.limitlesstcg.com/cards/A1/184;Dragonair;Pokmon;Dragon;100;Stage 1;https://pocket.limitlesstcg.com/cards/A1/183;Tail Smack;"80";;;none;1
https://pocket.limitlesstcg.com/cards/A1/185;Dragonite;Pokmon;Dragon;160;Stage 2;https://pocket.limitlesstcg.com/cards/A1/184;Draco Meteor;"0";;;none;3
https://pocket.limitlesstcg.com/cards/A1/186;Pidgey;Pokmon;Colorless;60;Basic;;Gust;"10";;;Lightning;1
https://pocket.limitlesstcg.com/cards/A1/187;Pidgeotto;Pokmon;Colorless;80;Stage 1;https://pocket.limitlesstcg.com/cards/A1a/57;Gust;"30";;;Lightning;1
https://pocket.limitlesstcg.com/cards/A1/188;Pidgeot;Pokmon;Colorless;130;Stage 2;https://pocket.limitlesstcg.com/cards/A1a/58;Wing Attack;"70";;;Lightning;1
https://pocket.limitlesstcg.com/cards/A1/189;Rattata;Pokmon;Colorless;40;Basic;;Gnaw;"20";;;Fighting;1
https://pocket.limitlesstcg.com/cards/A1/19;Weepinbell;Pokmon;Grass;90;Stage 1;https://pocket.limitlesstcg.com/cards/A1/18;Razor Leaf;"40";;;Fire;2
https://pocket.limitlesstcg.com/cards/A1/190;Raticate;Pokmon;Colorless;80;Stage 1;https://pocket.limitlesstcg.com/cards/A2b/58;Bite;"40";;;Fighting;1
https://pocket.limitlesstcg.com/cards/A1/191;Spearow;Pokmon;Colorless;60;Basic;;Peck;"20";;;Lightning;1
https://pocket.limitlesstcg.com/cards/A1/192;Fearow;Pokmon;Colorless;100;Stage 1;https://pocket.limitlesstcg.com/cards/A1/191;Drill Run;"50";;;Lightning;1
https://pocket.limitlesstcg.com/cards/A1/193;Jigglypuff;Pokmon;Colorless;60;Basic;;Pound;"30";;;Fighting;1
https://pocket.limitlesstcg.com/cards/A1/194;Wigglytuff;Pokmon;Colorless;100;Stage 1;https://pocket.limitlesstcg.com/cards/A3/228;Hyper Voice;"60";;;Fighting;2
https://pocket.limitlesstcg.com/cards/A1/195;Wigglytuff ex;Pokmon;Colorless;140;Stage 1;https://pocket.limitlesstcg.com/cards/A3/228;Sleepy Song;"80";;;Fighting;2
https://pocket.limitlesstcg.com/cards/A1/196;Meowth;Pokmon;Colorless;60;Basic;;Pay Day;"10";;;Fighting;1
https://pocket.limitlesstcg.com/cards/A1/197;Persian;Pokmon;Colorless;90;Stage 1;https://pocket.limitlesstcg.com/cards/A1/196;Shadow Claw;"40";;;Fighting;1
https://pocket.limitlesstcg.com/cards/A1/198;Farfetch'd;Pokmon;Colorless;60;Basic;;Leek Slap;"40";;;Lightning;1
https://pocket.limitlesstcg.com/cards/A1/199;Doduo;Pokmon;Colorless;60;Basic;;Peck;"20";;;Lightning;1
https://pocket.limitlesstcg.com/cards/A1/2;Ivysaur;Pokmon;Grass;90;Stage 1;https://pocket.limitlesstcg.com/cards/A3/210;Razor Leaf;"60";;;Fire;2
https://pocket.limitlesstcg.com/cards/A1/20;Victreebel;Pokmon;Grass;140;Stage 2;https://pocket.limitlesstcg.com/cards/A1/19;Vine Whip;"60";;;Fire;2
https://pocket.limitlesstcg.com/cards/A1/200;Dodrio;Pokmon;Colorless;80;Stage 1;https://pocket.limitlesstcg.com/cards/A1/199;Drill Peck;"40";;;Lightning;0
https://pocket.limitlesstcg.com/cards/A1/201;Lickitung;Pokmon;Colorless;90;Basic;;Continuous Lick;"60x";;;Fighting;3
https://pocket.limitlesstcg.com/cards/A1/202;Chansey;Pokmon;Colorless;120;Basic;;Gentle Slap;"60";;;Fighting;3
https://pocket.limitlesstcg.com/cards/A1/203;Kangaskhan;Pokmon;Colorless;100;Basic;;Dizzy Punch;"30x";;;Fighting;3
https://pocket.limitlesstcg.com/cards/A1/204;Tauros;Pokmon;Colorless;100;Basic;;Horn Attack;"50";;;Fighting;2
https://pocket.limitlesstcg.com/cards/A1/205;Ditto;Pokmon;Colorless;70;Basic;;Copy Anything;"0";;;Fighting;1
https://pocket.limitlesstcg.com/cards/A1/206;Eevee;Pokmon;Colorless;60;Basic;;Tackle;"20";;;Fighting;1
https://pocket.limitlesstcg.com/cards/A1/209;Porygon;Pokmon;Colorless;50;Basic;;Sharpen;"20";;;Fighting;1
https://pocket.limitlesstcg.com/cards/A1/21;Exeggcute;Pokmon;Grass;50;Basic;;Seed Bomb;"20";;;Fire;1
https://pocket.limitlesstcg.com/cards/A1/210;Aerodactyl;Pokmon;Colorless;100;Stage 1;https://pocket.limitlesstcg.com/cards/A1a/63;Primal Wingbeat;"0";;;Lightning;1
https://pocket.limitlesstcg.com/cards/A1/211;Snorlax;Pokmon;Colorless;150;Basic;;Rollout;"70";;;Fighting;4
https://pocket.limitlesstcg.com/cards/A1/212;Minccino;Pokmon;Colorless;60;Basic;;Tail Smack;"20";;;Fighting;1
https://pocket.limitlesstcg.com/cards/A1/213;Cinccino;Pokmon;Colorless;90;Stage 1;https://pocket.limitlesstcg.com/cards/A1/212;Do the Wave;"30x";;;Fighting;1
https://pocket.limitlesstcg.com/cards/A1/214;Wooloo;Pokmon;Colorless;70;Basic;;Tackle;"30";;;Fighting;1
https://pocket.limitlesstcg.com/cards/A1/215;Dubwool;Pokmon;Colorless;120;Stage 1;https://pocket.limitlesstcg.com/cards/A1/214;Rolling Tackle;"80";;;Fighting;2
https://pocket.limitlesstcg.com/cards/A1/216;Helix Fossil;Trainer;Item;;;;;;;;;
https://pocket.limitlesstcg.com/cards/A1/217;Dome Fossil;Trainer;Item;;;;;;;;;
https://pocket.limitlesstcg.com/cards/A1/218;Old Amber;Trainer;Item;;;;;;;;;
https://pocket.limitlesstcg.com/cards/A1/219;Erika;Trainer;Supporter;;;;;;;;;
https://pocket.limitlesstcg.com/cards/A1/22;Exeggutor;Pokmon;Grass;130;Stage 1;https://pocket.limitlesstcg.com/cards/A3/1;Stomp;"30+";;;Fire;3
https://pocket.limitlesstcg.com/cards/A1/220;Misty;Trainer;Supporter;;;;;;;;;
https://pocket.limitlesstcg.com/cards/A1/221;Blaine;Trainer;Supporter;;;;;;;;;
https://pocket.limitlesstcg.com/cards/A1/222;Koga;Trainer;Supporter;;;;;;;;;
https://pocket.limitlesstcg.com/cards/A1/223;Giovanni;Trainer;Supporter;;;;;;;;;
https://pocket.limitlesstcg.com/cards/A1/224;Brock;Trainer;Supporter;;;;;;;;;
https://pocket.limitlesstcg.com/cards/A1/225;Sabrina;Trainer;Supporter;;;;;;;;;
https://pocket.limitlesstcg.com/cards/A1/226;Lt. Surge;Trainer;Supporter;;;;;;;;;
https://pocket.limitlesstcg.com/cards/A1/23;Exeggutor ex;Pokmon;Grass;160;Stage 1;https://pocket.limitlesstcg.com/cards/A3/1;Tropical Swing;"40+";;;Fire;3
https://pocket.limitlesstcg.com/cards/A1/24;Tangela;Pokmon;Grass;80;Basic;;Absorb;"40";;;Fire;2
https://pocket.limitlesstcg.com/cards/A1/25;Scyther;Pokmon;Grass;70;Basic;;Sharp Scythe;"30";;;Fire;1
https://pocket.limitlesstcg.com/cards/A1/26;Pinsir;Pokmon;Grass;90;Basic;;Double Horn;"50x";;;Fire;2
https://pocket.limitlesstcg.com/cards/A1/27;Cottonee;Pokmon;Grass;50;Basic;;Attach;"10";;;Fire;1
https://pocket.limitlesstcg.com/cards/A1/28;Whimsicott;Pokmon;Grass;80;Stage 1;https://pocket.limitlesstcg.com/cards/A1/27;Rolling Tackle;"40";;;Fire;1
https://pocket.limitlesstcg.com/cards/A1/283;Mew;Pokmon;Psychic;60;Basic;;Psy Report;"20";;;Darkness;1
https://pocket.limitlesstcg.com/cards/A1/29;Petilil;Pokmon;Grass;60;Basic;;Blot;"10";;;Fire;1
https://pocket.limitlesstcg.com/cards/A1/3;Venusaur;Pokmon;Grass;160;Stage 2;https://pocket.limitlesstcg.com/cards/A3/211;Mega Drain;"80";;;Fire;3
https://pocket.limitlesstcg.com/cards/A1/30;Lilligant;Pokmon;Grass;100;Stage 1;https://pocket.limitlesstcg.com/cards/A1/29;Leaf Supply;"50";;;Fire;1
https://pocket.limitlesstcg.com/cards/A1/31;Skiddo;Pokmon;Grass;70;Basic;;Surprise Attack;"40";;;Fire;1
https://pocket.limitlesstcg.com/cards/A1/32;Gogoat;Pokmon;Grass;120;Stage 1;https://pocket.limitlesstcg.com/cards/A1/31;Razor Leaf;"70";;;Fire;2
https://pocket.limitlesstcg.com/cards/A1/33;Charmander;Pokmon;Fire;60;Basic;;Ember;"30";;;Water;1
https://pocket.limitlesstcg.com/cards/A1/34;Charmeleon;Pokmon;Fire;90;Stage 1;https://pocket.limitlesstcg.com/cards/A2b/8;Fire Claws;"60";;;Water;2
https://pocket.limitlesstcg.com/cards/A1/35;Charizard;Pokmon;Fire;150;Stage 2;https://pocket.limitlesstcg.com/cards/A2b/9;Fire Spin;"150";;;Water;2
https://pocket.limitlesstcg.com/cards/A1/36;Charizard ex;Pokmon;Fire;180;Stage 2;https://pocket.limitlesstcg.com/cards/A2b/9;Slash;"60";Crimson Storm;"200";Water;2
https://pocket.limitlesstcg.com/cards/A1/37;Vulpix;Pokmon;Fire;50;Basic;;Tail Whip;"0";;;Water;1
https://pocket.limitlesstcg.com/cards/A1/38;Ninetales;Pokmon;Fire;90;Stage 1;https://pocket.limitlesstcg.com/cards/A1/37;Flamethrower;"90";;;Water;1
https://pocket.limitlesstcg.com/cards/A1/39;Growlithe;Pokmon;Fire;70;Basic;;Bite;"20";;;Water;1
https://pocket.limitlesstcg.com/cards/A1/4;Venusaur ex;Pokmon;Grass;190;Stage 2;https://pocket.limitlesstcg.com/cards/A3/211;Razor Leaf;"60";Giant Bloom;"100";Fire;3
https://pocket.limitlesstcg.com/cards/A1/40;Arcanine;Pokmon;Fire;130;Stage 1;https://pocket.limitlesstcg.com/cards/A3/25;Heat Tackle;"100";;;Water;2
https://pocket.limitlesstcg.com/cards/A1/41;Arcanine ex;Pokmon;Fire;150;Stage 1;https://pocket.limitlesstcg.com/cards/A3/25;Inferno Onrush;"120";;;Water;2
https://pocket.limitlesstcg.com/cards/A1/42;Ponyta;Pokmon;Fire;60;Basic;;Flare;"20";;;Water;1
https://pocket.limitlesstcg.com/cards/A1/43;Rapidash;Pokmon;Fire;100;Stage 1;https://pocket.limitlesstcg.com/cards/A1a/10;Fire Mane;"40";;;Water;1
https://pocket.limitlesstcg.com/cards/A1/44;Magmar;Pokmon;Fire;80;Basic;;Magma Punch;"50";;;Water;2
https://pocket.limitlesstcg.com/cards/A1/45;Flareon;Pokmon;Fire;120;Stage 1;https://pocket.limitlesstcg.com/cards/A2a/62;Flamethrower;"110";;;Water;2
https://pocket.limitlesstcg.com/cards/A1/46;Moltres;Pokmon;Fire;100;Basic;;Sky Attack;"130";;;Lightning;1
https://pocket.limitlesstcg.com/cards/A1/47;Moltres ex;Pokmon;Fire;140;Basic;;Inferno Dance;"0";Heat Blast;"70";Lightning;2
https://pocket.limitlesstcg.com/cards/A1/48;Heatmor;Pokmon;Fire;80;Basic;;Combustion;"30";;;Water;1
https://pocket.limitlesstcg.com/cards/A1/49;Salandit;Pokmon;Fire;60;Basic;;Scratch;"20";;;Water;1
https://pocket.limitlesstcg.com/cards/A1/5;Caterpie;Pokmon;Grass;50;Basic;;Find a Friend;"0";;;Fire;1
https://pocket.limitlesstcg.com/cards/A1/50;Salazzle;Pokmon;Fire;90;Stage 1;https://pocket.limitlesstcg.com/cards/A3/35;Fire Claws;"60";;;Water;1
https://pocket.limitlesstcg.com/cards/A1/51;Sizzlipede;Pokmon;Fire;60;Basic;;Gnaw;"10";;;Water;1
https://pocket.limitlesstcg.com/cards/A1/52;Centiskorch;Pokmon;Fire;130;Stage 1;https://pocket.limitlesstcg.com/cards/A1/51;Fire Blast;"130";;;Water;3
https://pocket.limitlesstcg.com/cards/A1/53;Squirtle;Pokmon;Water;60;Basic;;Water Gun;"20";;;Lightning;1
https://pocket.limitlesstcg.com/cards/A1/54;Wartortle;Pokmon;Water;80;Stage 1;https://pocket.limitlesstcg.com/cards/A3/215;Wave Splash;"40";;;Lightning;1
https://pocket.limitlesstcg.com/cards/A1/55;Blastoise;Pokmon;Water;150;Stage 2;https://pocket.limitlesstcg.com/cards/A3/216;Hydro Pump;"80+";;;Lightning;3
https://pocket.limitlesstcg.com/cards/A1/56;Blastoise ex;Pokmon;Water;180;Stage 2;https://pocket.limitlesstcg.com/cards/A3/216;Surf;"40";Hydro Bazooka;"100+";Lightning;3
https://pocket.limitlesstcg.com/cards/A1/57;Psyduck;Pokmon;Water;60;Basic;;Headache;"10";;;Lightning;1
https://pocket.limitlesstcg.com/cards/A1/58;Golduck;Pokmon;Water;90;Stage 1;https://pocket.limitlesstcg.com/cards/A1/57;Aqua Edge;"70";;;Lightning;1
https://pocket.limitlesstcg.com/cards/A1/59;Poliwag;Pokmon;Water;60;Basic;;Razor Fin;"10";;;Lightning;1
https://pocket.limitlesstcg.com/cards/A1/6;Metapod;Pokmon;Grass;80;Stage 1;https://pocket.limitlesstcg.com/cards/A1/5;Bug Bite;"30";;;Fire;2
https://pocket.limitlesstcg.com/cards/A1/60;Poliwhirl;Pokmon;Water;90;Stage 1;https://pocket.limitlesstcg.com/cards/A1/59;Knuckle Punch;"40";;;Lightning;2
https://pocket.limitlesstcg.com/cards/A1/61;Poliwrath;Pokmon;Water;150;Stage 2;https://pocket.limitlesstcg.com/cards/A1/60;Mega Punch;"80";;;Lightning;2
https://pocket.limitlesstcg.com/cards/A1/62;Tentacool;Pokmon;Water;60;Basic;;Gentle Slap;"20";;;Lightning;1
https://pocket.limitlesstcg.com/cards/A1/63;Tentacruel;Pokmon;Water;110;Stage 1;https://pocket.limitlesstcg.com/cards/A2b/14;Poison Tentacles;"50";;;Lightning;2
https://pocket.limitlesstcg.com/cards/A1/64;Seel;Pokmon;Water;80;Basic;;Headbutt;"30";;;Lightning;2
https://pocket.limitlesstcg.com/cards/A1/65;Dewgong;Pokmon;Water;120;Stage 1;https://pocket.limitlesstcg.com/cards/A1/64;Surf;"90";;;Lightning;3
https://pocket.limitlesstcg.com/cards/A1/66;Shellder;Pokmon;Water;60;Basic;;Tongue Slap;"20";;;Lightning;1
https://pocket.limitlesstcg.com/cards/A1/67;Cloyster;Pokmon;Water;120;Stage 1;https://pocket.limitlesstcg.com/cards/A3/42;Surf;"70";;;Lightning;3
https://pocket.limitlesstcg.com/cards/A1/68;Krabby;Pokmon;Water;70;Basic;;Vise Grip;"40";;;Lightning;2
https://pocket.limitlesstcg.com/cards/A1/69;Kingler;Pokmon;Water;120;Stage 1;https://pocket.limitlesstcg.com/cards/A1/68;KO Crab;"80+";;;Lightning;3
https://pocket.limitlesstcg.com/cards/A1/7;Butterfree;Pokmon;Grass;120;Stage 2;https://pocket.limitlesstcg.com/cards/A1/6;Gust;"60";;;Fire;1
https://pocket.limitlesstcg.com/cards/A1/70;Horsea;Pokmon;Water;60;Basic;;Water Gun;"20";;;Lightning;1
https://pocket.limitlesstcg.com/cards/A1/71;Seadra;Pokmon;Water;70;Stage 1;https://pocket.limitlesstcg.com/cards/A1/70;Water Arrow;"0";;;Lightning;1
https://pocket.limitlesstcg.com/cards/A1/72;Goldeen;Pokmon;Water;60;Basic;;Flop;"10";;;Lightning;1
https://pocket.limitlesstcg.com/cards/A1/73;Seaking;Pokmon;Water;100;Stage 1;https://pocket.limitlesstcg.com/cards/A1/72;Horn Hazard;"80";;;Lightning;1
https://pocket.limitlesstcg.com/cards/A1/74;Staryu;Pokmon;Water;50;Basic;;Smack;"20";;;Lightning;1
https://pocket.limitlesstcg.com/cards/A1/75;Starmie;Pokmon;Water;90;Stage 1;https://pocket.limitlesstcg.com/cards/A3/218;Wave Splash;"40";;;Lightning;0
https://pocket.limitlesstcg.com/cards/A1/76;Starmie ex;Pokmon;Water;130;Stage 1;https://pocket.limitlesstcg.com/cards/A3/218;Hydro Splash;"90";;;Lightning;0
https://pocket.limitlesstcg.com/cards/A1/77;Magikarp;Pokmon;Water;30;Basic;;Splash;"10";;;Lightning;1
https://pocket.limitlesstcg.com/cards/A1/78;Gyarados;Pokmon;Water;150;Stage 1;https://pocket.limitlesstcg.com/cards/A1a/17;Hyper Beam;"100";;;Lightning;4
https://pocket.limitlesstcg.com/cards/A1/79;Lapras;Pokmon;Water;100;Basic;;Hydro Pump;"20+";;;Lightning;2
https://pocket.limitlesstcg.com/cards/A1/8;Weedle;Pokmon;Grass;50;Basic;;Sting;"20";;;Fire;1
https://pocket.limitlesstcg.com/cards/A1/80;Vaporeon;Pokmon;Water;130;Stage 1;https://pocket.limitlesstcg.com/cards/A2a/62;Bubble Drain;"60";;;Lightning;2
https://pocket.limitlesstcg.com/cards/A1/81;Omanyte;Pokmon;Water;90;Stage 1;https://pocket.limitlesstcg.com/cards/A1/216;Water Gun;"40";;;Lightning;1
https://pocket.limitlesstcg.com/cards/A1/82;Omastar;Pokmon;Water;140;Stage 2;https://pocket.limitlesstcg.com/cards/A1/81;Ancient Whirlpool;"70";;;Lightning;2
https://pocket.limitlesstcg.com/cards/A1/83;Articuno;Pokmon;Water;100;Basic;;Ice Beam;"60";;;Lightning;1
https://pocket.limitlesstcg.com/cards/A1/84;Articuno ex;Pokmon;Water;140;Basic;;Ice Wing;"40";Blizzard;"80";Lightning;2
https://pocket.limitlesstcg.com/cards/A1/85;Ducklett;Pokmon;Water;50;Basic;;Flap;"30";;;Lightning;1
https://pocket.limitlesstcg.com/cards/A1/86;Swanna;Pokmon;Water;90;Stage 1;https://pocket.limitlesstcg.com/cards/A1/85;Wing Attack;"70";;;Lightning;1
https://pocket.limitlesstcg.com/cards/A1/87;Froakie;Pokmon;Water;60;Basic;;Flop;"10";;;Lightning;1
https://pocket.limitlesstcg.com/cards/A1/88;Frogadier;Pokmon;Water;80;Stage 1;https://pocket.limitlesstcg.com/cards/A1/87;Water Drip;"30";;;Lightning;1
https://pocket.limitlesstcg.com/cards/A1/89;Greninja;Pokmon;Water;120;Stage 2;https://pocket.limitlesstcg.com/cards/A1/88;Mist Slash;"60";;;Lightning;1
https://pocket.limitlesstcg.com/cards/A1/9;Kakuna;Pokmon;Grass;80;Stage 1;https://pocket.limitlesstcg.com/cards/A2b/1;Bug Bite;"30";;;Fire;2
https://pocket.limitlesstcg.com/cards/A1/90;Pyukumuku;Pokmon;Water;70;Basic;;Rain Splash;"30";;;Lightning;1
https://pocket.limitlesstcg.com/cards/A1/91;Bruxish;Pokmon;Water;90;Basic;;Second Strike;"10+";;;Lightning;1
https://pocket.limitlesstcg.com/cards/A1/92;Snom;Pokmon;Water;50;Basic;;Ram;"10";;;Metal;1
https://pocket.limitlesstcg.com/cards/A1/93;Frosmoth;Pokmon;Water;90;Stage 1;https://pocket.limitlesstcg.com/cards/A1/92;Powder Snow;"40";;;Metal;1
https://pocket.limitlesstcg.com/cards/A1/94;Pikachu;Pokmon;Lightning;60;Basic;;Gnaw;"20";;;Fighting;1
https://pocket.limitlesstcg.com/cards/A1/95;Raichu;Pokmon;Lightning;100;Stage 1;https://pocket.limitlesstcg.com/cards/A3/57;Thunderbolt;"140";;;Fighting;1
https://pocket.limitlesstcg.com/cards/A1/96;Pikachu ex;Pokmon;Lightning;120;Basic;;Circle Circuit;"30x";;;Fighting;1
https://pocket.limitlesstcg.com/cards/A1/97;Magnemite;Pokmon;Lightning;60;Basic;;Lightning Ball;"20";;;Fighting;1
https://pocket.limitlesstcg.com/cards/A1/98;Magneton;Pokmon;Lightning;80;Stage 1;https://pocket.limitlesstcg.com/cards/A2a/53;Spinning Attack;"60";;;Fighting;2
https://pocket.limitlesstcg.com/cards/A1/99;Voltorb;Pokmon;Lightning;60;Basic;;Tackle;"20";;;Fighting;1
https://pocket.limitlesstcg.com/cards/A1a/1;Exeggcute;Pokmon;Grass;50;Basic;;Growth Spurt;"0";;;Fire;1
https://pocket.limitlesstcg.com/cards/A1a/10;Ponyta;Pokmon;Fire;60;Basic;;Stomp;"10+";;;Water;1
https://pocket.limitlesstcg.com/cards/A1a/11;Rapidash;Pokmon;Fire;100;Stage 1;https://pocket.limitlesstcg.com/cards/A1a/10;Rising Lunge;"40+";;;Water;1
https://pocket.limitlesstcg.com/cards/A1a/12;Magmar;Pokmon;Fire;80;Basic;;Fire Blast;"80";;;Water;2
https://pocket.limitlesstcg.com/cards/A1a/13;Larvesta;Pokmon;Fire;80;Basic;;Combustion;"30";;;Water;2
https://pocket.limitlesstcg.com/cards/A1a/14;Volcarona;Pokmon;Fire;120;Stage 1;https://pocket.limitlesstcg.com/cards/A1a/13;Volcanic Ash;"0";;;Water;2
https://pocket.limitlesstcg.com/cards/A1a/15;Salandit;Pokmon;Fire;60;Basic;;Venoshock;"10+";;;Water;1
https://pocket.limitlesstcg.com/cards/A1a/16;Salazzle;Pokmon;Fire;80;Stage 1;https://pocket.limitlesstcg.com/cards/A3/35;Poison Claws;"30";;;Water;1
https://pocket.limitlesstcg.com/cards/A1a/17;Magikarp;Pokmon;Water;30;Basic;;Leap Out;"0";;;Lightning;1
https://pocket.limitlesstcg.com/cards/A1a/18;Gyarados ex;Pokmon;Water;180;Stage 1;https://pocket.limitlesstcg.com/cards/A1a/17;Rampaging Whirlpool;"140";;;Lightning;3
https://pocket.limitlesstcg.com/cards/A1a/19;Vaporeon;Pokmon;Water;120;Stage 1;https://pocket.limitlesstcg.com/cards/A2a/62;Wave Splash;"60";;;Lightning;2
https://pocket.limitlesstcg.com/cards/A1a/2;Exeggutor;Pokmon;Grass;130;Stage 1;https://pocket.limitlesstcg.com/cards/A3/1;Psychic;"80+";;;Fire;3
https://pocket.limitlesstcg.com/cards/A1a/20;Finneon;Pokmon;Water;60;Basic;;Water Gun;"20";;;Lightning;1
https://pocket.limitlesstcg.com/cards/A1a/21;Lumineon;Pokmon;Water;80;Stage 1;https://pocket.limitlesstcg.com/cards/A2/42;Aqua Liner;"0";;;Lightning;0
https://pocket.limitlesstcg.com/cards/A1a/22;Chewtle;Pokmon;Water;80;Basic;;Bite;"30";;;Lightning;2
https://pocket.limitlesstcg.com/cards/A1a/23;Drednaw;Pokmon;Water;130;Stage 1;https://pocket.limitlesstcg.com/cards/A1a/22;Crunch;"70";;;Lightning;3
https://pocket.limitlesstcg.com/cards/A1a/24;Cramorant;Pokmon;Water;80;Basic;;Dive;"60";;;Lightning;1
https://pocket.limitlesstcg.com/cards/A1a/25;Pikachu;Pokmon;Lightning;60;Basic;;Circle Circuit;"10x";;;Fighting;1
https://pocket.limitlesstcg.com/cards/A1a/26;Raichu;Pokmon;Lightning;120;Stage 1;https://pocket.limitlesstcg.com/cards/A3/57;Gigashock;"60";;;Fighting;2
https://pocket.limitlesstcg.com/cards/A1a/27;Electabuzz;Pokmon;Lightning;70;Basic;;Thunder Spear;"0";;;Fighting;1
https://pocket.limitlesstcg.com/cards/A1a/28;Joltik;Pokmon;Lightning;40;Basic;;Bug Bite;"30";;;Fighting;1
https://pocket.limitlesstcg.com/cards/A1a/29;Galvantula;Pokmon;Lightning;80;Stage 1;https://pocket.limitlesstcg.com/cards/A1a/28;Electroweb;"70";;;Fighting;1
https://pocket.limitlesstcg.com/cards/A1a/3;Celebi ex;Pokmon;Grass;130;Basic;;Powerful Bloom;"50x";;;Fire;1
https://pocket.limitlesstcg.com/cards/A1a/30;Dedenne;Pokmon;Lightning;60;Basic;;Thunder Shock;"10";;;Fighting;1
https://pocket.limitlesstcg.com/cards/A1a/31;Mew;Pokmon;Psychic;60;Basic;;Psy Report;"20";;;Darkness;1
https://pocket.limitlesstcg.com/cards/A1a/32;Mew ex;Pokmon;Psychic;130;Basic;;Psyshot;"20";Genome Hacking;"0";Darkness;1
https://pocket.limitlesstcg.com/cards/A1a/33;Sigilyph;Pokmon;Psychic;80;Basic;;Spike Draw;"10";;;Darkness;1
https://pocket.limitlesstcg.com/cards/A1a/34;Elgyem;Pokmon;Psychic;60;Basic;;Headbutt;"20";;;Darkness;1
https://pocket.limitlesstcg.com/cards/A1a/35;Beheeyem;Pokmon;Psychic;90;Stage 1;https://pocket.limitlesstcg.com/cards/A1a/34;Mind Jack;"10+";;;Darkness;1
https://pocket.limitlesstcg.com/cards/A1a/36;Flabb;Pokmon;Psychic;40;Basic;;Hypnotic Gaze;"0";;;Metal;1
https://pocket.limitlesstcg.com/cards/A1a/37;Floette;Pokmon;Psychic;70;Stage 1;https://pocket.limitlesstcg.com/cards/A1a/36;Leaf Drain;"40";;;Metal;1
https://pocket.limitlesstcg.com/cards/A1a/38;Florges;Pokmon;Psychic;120;Stage 2;https://pocket.limitlesstcg.com/cards/A1a/37;Bloomshine;"80";;;Metal;1
https://pocket.limitlesstcg.com/cards/A1a/39;Swirlix;Pokmon;Psychic;60;Basic;;Fairy Wind;"20";;;Metal;1
https://pocket.limitlesstcg.com/cards/A1a/4;Snivy;Pokmon;Grass;70;Basic;;Vine Whip;"40";;;Fire;1
https://pocket.limitlesstcg.com/cards/A1a/40;Slurpuff;Pokmon;Psychic;100;Stage 1;https://pocket.limitlesstcg.com/cards/A1a/39;Magical Shot;"60";;;Metal;2
https://pocket.limitlesstcg.com/cards/A1a/41;Mankey;Pokmon;Fighting;50;Basic;;Focus Fist;"50";;;Psychic;1
https://pocket.limitlesstcg.com/cards/A1a/42;Primeape;Pokmon;Fighting;80;Stage 1;https://pocket.limitlesstcg.com/cards/A1a/41;Punch;"50";;;Psychic;1
https://pocket.limitlesstcg.com/cards/A1a/43;Geodude;Pokmon;Fighting;70;Basic;;Light Punch;"30";;;Grass;2
https://pocket.limitlesstcg.com/cards/A1a/44;Graveler;Pokmon;Fighting;100;Stage 1;https://pocket.limitlesstcg.com/cards/A1a/43;Lunge Out;"40";;;Grass;3
https://pocket.limitlesstcg.com/cards/A1a/45;Golem;Pokmon;Fighting;160;Stage 2;https://pocket.limitlesstcg.com/cards/A1a/44;Guard Press;"120";;;Grass;3
https://pocket.limitlesstcg.com/cards/A1a/46;Aerodactyl ex;Pokmon;Fighting;140;Stage 1;https://pocket.limitlesstcg.com/cards/A1a/63;Land Crush;"80";;;Lightning;1
https://pocket.limitlesstcg.com/cards/A1a/47;Marshadow;Pokmon;Fighting;80;Basic;;Revenge;"40+";;;Psychic;1
https://pocket.limitlesstcg.com/cards/A1a/48;Stonjourner;Pokmon;Fighting;120;Basic;;Mega Kick;"90";;;Grass;3
https://pocket.limitlesstcg.com/cards/A1a/49;Koffing;Pokmon;Darkness;70;Basic;;Division;"0";;;Fighting;2
https://pocket.limitlesstcg.com/cards/A1a/5;Servine;Pokmon;Grass;80;Stage 1;https://pocket.limitlesstcg.com/cards/A1a/4;Vine Whip;"50";;;Fire;1
https://pocket.limitlesstcg.com/cards/A1a/50;Weezing;Pokmon;Darkness;110;Stage 1;https://pocket.limitlesstcg.com/cards/A1a/49;Smokescreen;"50";;;Fighting;3
https://pocket.limitlesstcg.com/cards/A1a/51;Purrloin;Pokmon;Darkness;60;Basic;;Scratch;"20";;;Grass;1
https://pocket.limitlesstcg.com/cards/A1a/52;Liepard;Pokmon;Darkness;90;Stage 1;https://pocket.limitlesstcg.com/cards/A1a/51;Slash;"40";;;Grass;1
https://pocket.limitlesstcg.com/cards/A1a/53;Venipede;Pokmon;Darkness;60;Basic;;Ram;"20";;;Fighting;1
https://pocket.limitlesstcg.com/cards/A1a/54;Whirlipede;Pokmon;Darkness;90;Stage 1;https://pocket.limitlesstcg.com/cards/A1a/53;Poison Sting;"20";;;Fighting;2
https://pocket.limitlesstcg.com/cards/A1a/55;Scolipede;Pokmon;Darkness;140;Stage 2;https://pocket.limitlesstcg.com/cards/A1a/54;Venoshock;"70+";;;Fighting;2
https://pocket.limitlesstcg.com/cards/A1a/56;Druddigon;Pokmon;Dragon;100;Basic;;Dragon Claw;"90";;;none;2
https://pocket.limitlesstcg.com/cards/A1a/57;Pidgey;Pokmon;Colorless;50;Basic;;Flap;"20";;;Lightning;1
https://pocket.limitlesstcg.com/cards/A1a/58;Pidgeotto;Pokmon;Colorless;90;Stage 1;https://pocket.limitlesstcg.com/cards/A1a/57;Wing Attack;"50";;;Lightning;1
https://pocket.limitlesstcg.com/cards/A1a/59;Pidgeot ex;Pokmon;Colorless;170;Stage 2;https://pocket.limitlesstcg.com/cards/A1a/58;Scattering Cyclone;"80+";;;Lightning;1
https://pocket.limitlesstcg.com/cards/A1a/6;Serperior;Pokmon;Grass;110;Stage 2;https://pocket.limitlesstcg.com/cards/A1a/5;Solar Beam;"70";;;Fire;2
https://pocket.limitlesstcg.com/cards/A1a/60;Tauros;Pokmon;Colorless;100;Basic;;Fighting Tackle;"40+";;;Fighting;2
https://pocket.limitlesstcg.com/cards/A1a/61;Eevee;Pokmon;Colorless;60;Basic;;Continuous Steps;"20x";;;Fighting;1
https://pocket.limitlesstcg.com/cards/A1a/62;Chatot;Pokmon;Colorless;60;Basic;;Mimic;"0";;;Lightning;1
https://pocket.limitlesstcg.com/cards/A1a/63;Old Amber;Trainer;Item;;;;;;;;;
https://pocket.limitlesstcg.com/cards/A1a/64;Pokmon Flute;Trainer;Item;;;;;;;;;
https://pocket.limitlesstcg.com/cards/A1a/65;Mythical Slab;Trainer;Item;;;;;;;;;
https://pocket.limitlesstcg.com/cards/A1a/66;Budding Expeditioner;Trainer;Supporter;;;;;;;;;
https://pocket.limitlesstcg.com/cards/A1a/67;Blue;Trainer;Supporter;;;;;;;;;
https://pocket.limitlesstcg.com/cards/A1a/68;Leaf;Trainer;Supporter;;;;;;;;;
https://pocket.limitlesstcg.com/cards/A1a/7;Morelull;Pokmon;Grass;60;Basic;;Ram;"20";;;Fire;1
https://pocket.limitlesstcg.com/cards/A1a/8;Shiinotic;Pokmon;Grass;90;Stage 1;https://pocket.limitlesstcg.com/cards/A3/16;Flickering Spores;"50";;;Fire;2
https://pocket.limitlesstcg.com/cards/A1a/9;Dhelmise;Pokmon;Grass;100;Basic;;Energy Whip;"20+";;;Fire;2
https://pocket.limitlesstcg.com/cards/A2/1;Oddish;Pokmon;Grass;60;Basic;;Blot;"10";;;Fire;1
https://pocket.limitlesstcg.com/cards/A2/10;Turtwig;Pokmon;Grass;80;Basic;;Bite;"30";;;Fire;2
https://pocket.limitlesstcg.com/cards/A2/100;Poochyena;Pokmon;Darkness;60;Basic;;Bite;"20";;;Grass;1
https://pocket.limitlesstcg.com/cards/A2/101;Mightyena;Pokmon;Darkness;90;Stage 1;https://pocket.limitlesstcg.com/cards/A2/100;Darkness Fang;"60";;;Grass;1
https://pocket.limitlesstcg.com/cards/A2/102;Stunky;Pokmon;Darkness;70;Basic;;Scratch;"10";;;Fighting;1
https://pocket.limitlesstcg.com/cards/A2/103;Skuntank;Pokmon;Darkness;100;Stage 1;https://pocket.limitlesstcg.com/cards/A2/102;Poison Gas;"50";;;Fighting;2
https://pocket.limitlesstcg.com/cards/A2/104;Spiritomb;Pokmon;Darkness;80;Basic;;Swirling Disaster;"0";;;Grass;1
https://pocket.limitlesstcg.com/cards/A2/105;Skorupi;Pokmon;Darkness;70;Basic;;Pierce;"30";;;Fighting;2
https://pocket.limitlesstcg.com/cards/A2/106;Drapion;Pokmon;Darkness;120;Stage 1;https://pocket.limitlesstcg.com/cards/A2/105;Cross Poison;"40x";;;Fighting;3
https://pocket.limitlesstcg.com/cards/A2/107;Croagunk;Pokmon;Darkness;60;Basic;;Group Beatdown;"20x";;;Fighting;1
https://pocket.limitlesstcg.com/cards/A2/108;Toxicroak;Pokmon;Darkness;90;Stage 1;https://pocket.limitlesstcg.com/cards/A2a/51;Group Beatdown;"40x";;;Fighting;2
https://pocket.limitlesstcg.com/cards/A2/109;Darkrai;Pokmon;Darkness;110;Basic;;Dark Void;"60";;;Grass;2
https://pocket.limitlesstcg.com/cards/A2/11;Grotle;Pokmon;Grass;100;Stage 1;https://pocket.limitlesstcg.com/cards/A2/10;Razor Leaf;"60";;;Fire;3
https://pocket.limitlesstcg.com/cards/A2/110;Darkrai ex;Pokmon;Darkness;140;Basic;;Dark Prism;"80";;;Grass;2
https://pocket.limitlesstcg.com/cards/A2/111;Skarmory;Pokmon;Metal;80;Basic;;Metal Arms;"20+";;;Lightning;1
https://pocket.limitlesstcg.com/cards/A2/112;Registeel;Pokmon;Metal;110;Basic;;Metal Claw;"90";;;Fire;2
https://pocket.limitlesstcg.com/cards/A2/113;Shieldon;Pokmon;Metal;100;Stage 1;https://pocket.limitlesstcg.com/cards/A2/145;Headbutt;"50";;;Fire;2
https://pocket.limitlesstcg.com/cards/A2/114;Bastiodon;Pokmon;Metal;160;Stage 2;https://pocket.limitlesstcg.com/cards/A2/113;Headbang;"80";;;Fire;4
https://pocket.limitlesstcg.com/cards/A2/115;Wormadam;Pokmon;Metal;110;Stage 1;https://pocket.limitlesstcg.com/cards/A2a/2;Iron Head;"50+";;;Fire;1
https://pocket.limitlesstcg.com/cards/A2/116;Bronzor;Pokmon;Metal;60;Basic;;Tackle;"30";;;Fire;1
https://pocket.limitlesstcg.com/cards/A2/117;Bronzong;Pokmon;Metal;120;Stage 1;https://pocket.limitlesstcg.com/cards/A2a/58;Guard Press;"60";;;Fire;3
https://pocket.limitlesstcg.com/cards/A2/118;Probopass;Pokmon;Metal;130;Stage 1;https://pocket.limitlesstcg.com/cards/A2a/42;Triple Nose;"30+";;;Fire;4
https://pocket.limitlesstcg.com/cards/A2/119;Dialga ex;Pokmon;Metal;150;Basic;;Metallic Turbo;"30";Heavy Impact;"100";Fire;2
https://pocket.limitlesstcg.com/cards/A2/12;Torterra;Pokmon;Grass;160;Stage 2;https://pocket.limitlesstcg.com/cards/A2/11;Frenzy Plant;"150";;;Fire;4
https://pocket.limitlesstcg.com/cards/A2/120;Heatran;Pokmon;Metal;120;Basic;;Steel Tackle;"110";;;Fire;3
https://pocket.limitlesstcg.com/cards/A2/121;Gible;Pokmon;Dragon;60;Basic;;Gnaw;"20";;;none;1
https://pocket.limitlesstcg.com/cards/A2/122;Gabite;Pokmon;Dragon;90;Stage 1;https://pocket.limitlesstcg.com/cards/A2a/45;Slash;"60";;;none;1
https://pocket.limitlesstcg.com/cards/A2/123;Garchomp;Pokmon;Dragon;140;Stage 2;https://pocket.limitlesstcg.com/cards/A2a/46;Dragon Claw;"100";;;none;1
https://pocket.limitlesstcg.com/cards/A2/124;Lickitung;Pokmon;Colorless;80;Basic;;Tongue Slap;"50";;;Fighting;2
https://pocket.limitlesstcg.com/cards/A2/125;Lickilicky ex;Pokmon;Colorless;160;Stage 1;https://pocket.limitlesstcg.com/cards/A2b/62;Licking Fury;"100+";;;Fighting;4
https://pocket.limitlesstcg.com/cards/A2/126;Eevee;Pokmon;Colorless;60;Basic;;Quick Attack;"10+";;;Fighting;1
https://pocket.limitlesstcg.com/cards/A2/127;Porygon;Pokmon;Colorless;60;Basic;;Beam;"20";;;Fighting;1
https://pocket.limitlesstcg.com/cards/A2/128;Porygon2;Pokmon;Colorless;80;Stage 1;https://pocket.limitlesstcg.com/cards/A2/127;Sharpen;"30";;;Fighting;1
https://pocket.limitlesstcg.com/cards/A2/129;Porygon-Z;Pokmon;Colorless;140;Stage 2;https://pocket.limitlesstcg.com/cards/A2/128;Buggy Beam;"80";;;Fighting;2
https://pocket.limitlesstcg.com/cards/A2/13;Kricketot;Pokmon;Grass;60;Basic;;Bug Bite;"20";;;Fire;1
https://pocket.limitlesstcg.com/cards/A2/130;Aipom;Pokmon;Colorless;60;Basic;;Tail Jab;"20";;;Fighting;1
https://pocket.limitlesstcg.com/cards/A2/131;Ambipom;Pokmon;Colorless;90;Stage 1;https://pocket.limitlesstcg.com/cards/A2/130;Double Hit;"40x";;;Fighting;1
https://pocket.limitlesstcg.com/cards/A2/132;Starly;Pokmon;Colorless;50;Basic;;Pluck;"20";;;Lightning;1
https://pocket.limitlesstcg.com/cards/A2/133;Staravia;Pokmon;Colorless;80;Stage 1;https://pocket.limitlesstcg.com/cards/A2a/66;Wing Attack;"40";;;Lightning;1
https://pocket.limitlesstcg.com/cards/A2/134;Staraptor;Pokmon;Colorless;140;Stage 2;https://pocket.limitlesstcg.com/cards/A2a/67;Clutch;"80";;;Lightning;1
https://pocket.limitlesstcg.com/cards/A2/135;Bidoof;Pokmon;Colorless;60;Basic;;Super Fang;"0";;;Fighting;2
https://pocket.limitlesstcg.com/cards/A2/136;Bibarel;Pokmon;Colorless;110;Stage 1;https://pocket.limitlesstcg.com/cards/A2b/64;Rolling Tackle;"60";;;Fighting;2
https://pocket.limitlesstcg.com/cards/A2/137;Buneary;Pokmon;Colorless;60;Basic;;Splash;"10";;;Fighting;1
https://pocket.limitlesstcg.com/cards/A2/138;Lopunny;Pokmon;Colorless;90;Stage 1;https://pocket.limitlesstcg.com/cards/A2b/66;Jump Kick;"20";;;Fighting;1
https://pocket.limitlesstcg.com/cards/A2/139;Glameow;Pokmon;Colorless;60;Basic;;Pose;"40";;;Fighting;1
https://pocket.limitlesstcg.com/cards/A2/14;Kricketune;Pokmon;Grass;90;Stage 1;https://pocket.limitlesstcg.com/cards/A2/13;Entrancing Melody;"50";;;Fire;1
https://pocket.limitlesstcg.com/cards/A2/140;Purugly;Pokmon;Colorless;110;Stage 1;https://pocket.limitlesstcg.com/cards/A2/139;Interrupt;"60";;;Fighting;3
https://pocket.limitlesstcg.com/cards/A2/141;Chatot;Pokmon;Colorless;70;Basic;;Fury Attack;"20x";;;Lightning;1
https://pocket.limitlesstcg.com/cards/A2/142;Fan Rotom;Pokmon;Colorless;80;Basic;;Spin Storm;"0";;;Lightning;1
https://pocket.limitlesstcg.com/cards/A2/143;Regigigas;Pokmon;Colorless;140;Basic;;Raging Hammer;"50+";;;Fighting;4
https://pocket.limitlesstcg.com/cards/A2/144;Skull Fossil;Trainer;Item;;;;;;;;;
https://pocket.limitlesstcg.com/cards/A2/145;Armor Fossil;Trainer;Item;;;;;;;;;
https://pocket.limitlesstcg.com/cards/A2/146;Pokmon Communication;Trainer;Item;;;;;;;;;
https://pocket.limitlesstcg.com/cards/A2/147;Giant Cape;Trainer;Tool;;;;;;;;;
https://pocket.limitlesstcg.com/cards/A2/148;Rocky Helmet;Trainer;Tool;;;;;;;;;
https://pocket.limitlesstcg.com/cards/A2/149;Lum Berry;Trainer;Tool;;;;;;;;;
https://pocket.limitlesstcg.com/cards/A2/15;Burmy;Pokmon;Grass;60;Basic;;Tackle;"10";;;Fire;1
https://pocket.limitlesstcg.com/cards/A2/150;Cyrus;Trainer;Supporter;;;;;;;;;
https://pocket.limitlesstcg.com/cards/A2/151;Team Galactic Grunt;Trainer;Supporter;;;;;;;;;
https://pocket.limitlesstcg.com/cards/A2/152;Cynthia;Trainer;Supporter;;;;;;;;;
https://pocket.limitlesstcg.com/cards/A2/153;Volkner;Trainer;Supporter;;;;;;;;;
https://pocket.limitlesstcg.com/cards/A2/154;Dawn;Trainer;Supporter;;;;;;;;;
https://pocket.limitlesstcg.com/cards/A2/155;Mars;Trainer;Supporter;;;;;;;;;
https://pocket.limitlesstcg.com/cards/A2/16;Wormadam;Pokmon;Grass;120;Stage 1;https://pocket.limitlesstcg.com/cards/A2a/2;Leaf Cutter;"60+";;;Fire;2
https://pocket.limitlesstcg.com/cards/A2/17;Combee;Pokmon;Grass;50;Basic;;Call for Family;"0";;;Fire;1
https://pocket.limitlesstcg.com/cards/A2/18;Vespiquen;Pokmon;Grass;100;Stage 1;https://pocket.limitlesstcg.com/cards/A2a/4;Pierce;"70";;;Fire;2
https://pocket.limitlesstcg.com/cards/A2/19;Carnivine;Pokmon;Grass;90;Basic;;Flog;"40+";;;Fire;1
https://pocket.limitlesstcg.com/cards/A2/2;Gloom;Pokmon;Grass;80;Stage 1;https://pocket.limitlesstcg.com/cards/A2/1;Razor Leaf;"30";;;Fire;2
https://pocket.limitlesstcg.com/cards/A2/20;Leafeon;Pokmon;Grass;90;Stage 1;https://pocket.limitlesstcg.com/cards/A2a/62;Leafy Cyclone;"90";;;Fire;1
https://pocket.limitlesstcg.com/cards/A2/21;Mow Rotom;Pokmon;Grass;80;Basic;;Energy Cutoff;"30";;;Fire;1
https://pocket.limitlesstcg.com/cards/A2/22;Shaymin;Pokmon;Grass;60;Basic;;Flop;"30";;;Fire;1
https://pocket.limitlesstcg.com/cards/A2/23;Magmar;Pokmon;Fire;80;Basic;;Stoke;"0";;;Water;2
https://pocket.limitlesstcg.com/cards/A2/24;Magmortar;Pokmon;Fire;130;Stage 1;https://pocket.limitlesstcg.com/cards/A2b/11;Bursting Inferno;"100";;;Water;3
https://pocket.limitlesstcg.com/cards/A2/25;Slugma;Pokmon;Fire;70;Basic;;Flare;"20";;;Water;2
https://pocket.limitlesstcg.com/cards/A2/26;Magcargo;Pokmon;Fire;120;Stage 1;https://pocket.limitlesstcg.com/cards/A2/25;Searing Flame;"30";;;Water;3
https://pocket.limitlesstcg.com/cards/A2/27;Chimchar;Pokmon;Fire;60;Basic;;Scratch;"20";;;Water;1
https://pocket.limitlesstcg.com/cards/A2/28;Monferno;Pokmon;Fire;80;Stage 1;https://pocket.limitlesstcg.com/cards/A2/27;Fiery Punch;"30";;;Water;1
https://pocket.limitlesstcg.com/cards/A2/29;Infernape ex;Pokmon;Fire;170;Stage 2;https://pocket.limitlesstcg.com/cards/A2/28;Flare Blitz;"140";;;Water;0
https://pocket.limitlesstcg.com/cards/A2/3;Bellossom;Pokmon;Grass;130;Stage 2;https://pocket.limitlesstcg.com/cards/A2/2;Leaf Step;"80";;;Fire;1
https://pocket.limitlesstcg.com/cards/A2/30;Heat Rotom;Pokmon;Fire;80;Basic;;Heat Breath;"30+";;;Water;1
https://pocket.limitlesstcg.com/cards/A2/31;Swinub;Pokmon;Water;60;Basic;;Headbutt;"40";;;Metal;2
https://pocket.limitlesstcg.com/cards/A2/32;Piloswine;Pokmon;Water;110;Stage 1;https://pocket.limitlesstcg.com/cards/A2/31;Hammer In;"60";;;Metal;3
https://pocket.limitlesstcg.com/cards/A2/33;Mamoswine;Pokmon;Water;160;Stage 2;https://pocket.limitlesstcg.com/cards/A2/32;Frosty Flattening;"120";;;Metal;4
https://pocket.limitlesstcg.com/cards/A2/34;Regice;Pokmon;Water;110;Basic;;Frost Smash;"50";;;Metal;2
https://pocket.limitlesstcg.com/cards/A2/35;Piplup;Pokmon;Water;60;Basic;;Nap;"0";;;Lightning;1
https://pocket.limitlesstcg.com/cards/A2/36;Prinplup;Pokmon;Water;90;Stage 1;https://pocket.limitlesstcg.com/cards/A2/35;Surf;"30";;;Lightning;1
https://pocket.limitlesstcg.com/cards/A2/37;Empoleon;Pokmon;Water;150;Stage 2;https://pocket.limitlesstcg.com/cards/A2/36;Aqua Jet;"80";;;Lightning;2
https://pocket.limitlesstcg.com/cards/A2/38;Buizel;Pokmon;Water;60;Basic;;Water Gun;"20";;;Lightning;1
https://pocket.limitlesstcg.com/cards/A2/39;Floatzel;Pokmon;Water;90;Stage 1;https://pocket.limitlesstcg.com/cards/A2b/16;Jet Screw;"30+";;;Lightning;1
https://pocket.limitlesstcg.com/cards/A2/4;Tangela;Pokmon;Grass;70;Basic;;Vine Whip;"30";;;Fire;1
https://pocket.limitlesstcg.com/cards/A2/40;Shellos;Pokmon;Water;70;Basic;;Mud-Slap;"30";;;Lightning;2
https://pocket.limitlesstcg.com/cards/A2/41;Gastrodon;Pokmon;Water;120;Stage 1;https://pocket.limitlesstcg.com/cards/A2/40;Muddy Water;"60";;;Lightning;3
https://pocket.limitlesstcg.com/cards/A2/42;Finneon;Pokmon;Water;50;Basic;;Elegant Swim;"10";;;Lightning;1
https://pocket.limitlesstcg.com/cards/A2/43;Lumineon;Pokmon;Water;90;Stage 1;https://pocket.limitlesstcg.com/cards/A2/42;Waterfall;"50";;;Lightning;1
https://pocket.limitlesstcg.com/cards/A2/44;Snover;Pokmon;Water;70;Basic;;Ice Shard;"10+";;;Metal;2
https://pocket.limitlesstcg.com/cards/A2/45;Abomasnow;Pokmon;Water;140;Stage 1;https://pocket.limitlesstcg.com/cards/A2a/20;Frost Breath;"120";;;Metal;4
https://pocket.limitlesstcg.com/cards/A2/46;Glaceon;Pokmon;Water;90;Stage 1;https://pocket.limitlesstcg.com/cards/A2a/62;Ice Beam;"60";;;Metal;1
https://pocket.limitlesstcg.com/cards/A2/47;Wash Rotom;Pokmon;Water;80;Basic;;Wave Splash;"30";;;Lightning;2
https://pocket.limitlesstcg.com/cards/A2/48;Frost Rotom;Pokmon;Water;80;Basic;;Blizzard;"30";;;Metal;1
https://pocket.limitlesstcg.com/cards/A2/49;Palkia ex;Pokmon;Water;150;Basic;;Slash;"30";Dimensional Storm;"150";Lightning;2
https://pocket.limitlesstcg.com/cards/A2/5;Tangrowth;Pokmon;Grass;130;Stage 1;https://pocket.limitlesstcg.com/cards/A2/4;Mega Drain;"90";;;Fire;3
https://pocket.limitlesstcg.com/cards/A2/50;Manaphy;Pokmon;Water;50;Basic;;Oceanic Gift;"0";;;Lightning;1
https://pocket.limitlesstcg.com/cards/A2/51;Magnemite;Pokmon;Lightning;60;Basic;;Ram;"10";;;Fighting;1
https://pocket.limitlesstcg.com/cards/A2/52;Magneton;Pokmon;Lightning;80;Stage 1;https://pocket.limitlesstcg.com/cards/A2a/53;Lightning Ball;"50";;;Fighting;1
https://pocket.limitlesstcg.com/cards/A2/53;Magnezone;Pokmon;Lightning;140;Stage 2;https://pocket.limitlesstcg.com/cards/A2a/54;Thunder Blast;"110";;;Fighting;2
https://pocket.limitlesstcg.com/cards/A2/54;Voltorb;Pokmon;Lightning;60;Basic;;Big Explosion;"30";;;Fighting;1
https://pocket.limitlesstcg.com/cards/A2/55;Electrode;Pokmon;Lightning;80;Stage 1;https://pocket.limitlesstcg.com/cards/A2b/23;Rolling Attack;"50";;;Fighting;1
https://pocket.limitlesstcg.com/cards/A2/56;Electabuzz;Pokmon;Lightning;80;Basic;;Charge;"0";;;Fighting;2
https://pocket.limitlesstcg.com/cards/A2/57;Electivire;Pokmon;Lightning;120;Stage 1;https://pocket.limitlesstcg.com/cards/A2/56;Exciting Voltage;"40+";;;Fighting;3
https://pocket.limitlesstcg.com/cards/A2/58;Shinx;Pokmon;Lightning;60;Basic;;Hide;"0";;;Fighting;1
https://pocket.limitlesstcg.com/cards/A2/59;Luxio;Pokmon;Lightning;90;Stage 1;https://pocket.limitlesstcg.com/cards/A2/58;Electric Claws;"40";;;Fighting;1
https://pocket.limitlesstcg.com/cards/A2/6;Yanma;Pokmon;Grass;50;Basic;;Flap;"20";;;Lightning;1
https://pocket.limitlesstcg.com/cards/A2/60;Luxray;Pokmon;Lightning;130;Stage 2;https://pocket.limitlesstcg.com/cards/A2/59;Volt Bolt;"0";;;Fighting;0
https://pocket.limitlesstcg.com/cards/A2/61;Pachirisu ex;Pokmon;Lightning;120;Basic;;Sparking Gadget;"40+";;;Fighting;1
https://pocket.limitlesstcg.com/cards/A2/62;Rotom;Pokmon;Lightning;70;Basic;;Assault Laser;"20+";;;Fighting;1
https://pocket.limitlesstcg.com/cards/A2/63;Togepi;Pokmon;Psychic;50;Basic;;Pound;"20";;;Metal;1
https://pocket.limitlesstcg.com/cards/A2/64;Togetic;Pokmon;Psychic;80;Stage 1;https://pocket.limitlesstcg.com/cards/A2/63;Fairy Wind;"40";;;Metal;1
https://pocket.limitlesstcg.com/cards/A2/65;Togekiss;Pokmon;Psychic;140;Stage 2;https://pocket.limitlesstcg.com/cards/A2/64;Overdrive Smash;"60";;;Metal;1
https://pocket.limitlesstcg.com/cards/A2/66;Misdreavus;Pokmon;Psychic;60;Basic;;Mumble;"20";;;Darkness;1
https://pocket.limitlesstcg.com/cards/A2/67;Mismagius ex;Pokmon;Psychic;140;Stage 1;https://pocket.limitlesstcg.com/cards/A2/66;Magical Delusion;"70";;;Darkness;1
https://pocket.limitlesstcg.com/cards/A2/68;Ralts;Pokmon;Psychic;60;Basic;;Teleport;"0";;;Darkness;1
https://pocket.limitlesstcg.com/cards/A2/69;Kirlia;Pokmon;Psychic;80;Stage 1;https://pocket.limitlesstcg.com/cards/A2/68;Slap;"20";;;Darkness;1
https://pocket.limitlesstcg.com/cards/A2/7;Yanmega ex;Pokmon;Grass;140;Stage 1;https://pocket.limitlesstcg.com/cards/A2/6;Air Slash;"120";;;Lightning;1
https://pocket.limitlesstcg.com/cards/A2/70;Duskull;Pokmon;Psychic;60;Basic;;Will-O-Wisp;"20";;;Darkness;1
https://pocket.limitlesstcg.com/cards/A2/71;Dusclops;Pokmon;Psychic;90;Stage 1;https://pocket.limitlesstcg.com/cards/A2/70;Psypunch;"50";;;Darkness;2
https://pocket.limitlesstcg.com/cards/A2/72;Dusknoir;Pokmon;Psychic;130;Stage 2;https://pocket.limitlesstcg.com/cards/A2/71;Devour Soul;"70";;;Darkness;2
https://pocket.limitlesstcg.com/cards/A2/73;Drifloon;Pokmon;Psychic;50;Basic;;Expand;"10";;;Lightning;1
https://pocket.limitlesstcg.com/cards/A2/74;Drifblim;Pokmon;Psychic;100;Stage 1;https://pocket.limitlesstcg.com/cards/A2b/33;Balloon Strike;"60";;;Lightning;1
https://pocket.limitlesstcg.com/cards/A2/75;Uxie;Pokmon;Psychic;70;Basic;;Mind Boost;"20";;;Darkness;1
https://pocket.limitlesstcg.com/cards/A2/76;Mesprit;Pokmon;Psychic;70;Basic;;Supreme Blast;"160";;;Darkness;1
https://pocket.limitlesstcg.com/cards/A2/77;Azelf;Pokmon;Psychic;70;Basic;;Psychic Arrow;"0";;;Darkness;1
https://pocket.limitlesstcg.com/cards/A2/78;Giratina;Pokmon;Psychic;120;Basic;;Spooky Shot;"70";;;Darkness;3
https://pocket.limitlesstcg.com/cards/A2/79;Cresselia;Pokmon;Psychic;110;Basic;;Moonlight Gain;"50";;;Darkness;2
https://pocket.limitlesstcg.com/cards/A2/8;Roselia;Pokmon;Grass;70;Basic;;Sting;"20";;;Fire;1
https://pocket.limitlesstcg.com/cards/A2/80;Rhyhorn;Pokmon;Fighting;80;Basic;;Horn Attack;"40";;;Grass;3
https://pocket.limitlesstcg.com/cards/A2/81;Rhydon;Pokmon;Fighting;110;Stage 1;https://pocket.limitlesstcg.com/cards/A2/80;Wrack Down;"70";;;Grass;3
https://pocket.limitlesstcg.com/cards/A2/82;Rhyperior;Pokmon;Fighting;160;Stage 2;https://pocket.limitlesstcg.com/cards/A2/81;Mountain Swing;"150";;;Grass;4
https://pocket.limitlesstcg.com/cards/A2/83;Gligar;Pokmon;Fighting;60;Basic;;Pierce;"20";;;Grass;1
https://pocket.limitlesstcg.com/cards/A2/84;Gliscor;Pokmon;Fighting;100;Stage 1;https://pocket.limitlesstcg.com/cards/A2/83;Acrobatics;"20+";;;Grass;2
https://pocket.limitlesstcg.com/cards/A2/85;Hitmontop;Pokmon;Fighting;80;Basic;;Spinning Attack;"50";;;Psychic;1
https://pocket.limitlesstcg.com/cards/A2/86;Nosepass;Pokmon;Fighting;70;Basic;;Ram;"30";;;Grass;2
https://pocket.limitlesstcg.com/cards/A2/87;Regirock;Pokmon;Fighting;120;Basic;;Boulder Crush;"100";;;Grass;3
https://pocket.limitlesstcg.com/cards/A2/88;Cranidos;Pokmon;Fighting;90;Stage 1;https://pocket.limitlesstcg.com/cards/A2/144;Headbutt;"50";;;Grass;2
https://pocket.limitlesstcg.com/cards/A2/89;Rampardos;Pokmon;Fighting;150;Stage 2;https://pocket.limitlesstcg.com/cards/A2/88;Head Smash;"130";;;Grass;2
https://pocket.limitlesstcg.com/cards/A2/9;Roserade;Pokmon;Grass;100;Stage 1;https://pocket.limitlesstcg.com/cards/A2/8;Poisonous Whip;"50";;;Fire;2
https://pocket.limitlesstcg.com/cards/A2/91;Riolu;Pokmon;Fighting;60;Basic;;Jab;"20";;;Psychic;1
https://pocket.limitlesstcg.com/cards/A2/92;Lucario;Pokmon;Fighting;100;Stage 1;https://pocket.limitlesstcg.com/cards/A2b/42;Submarine Blow;"40";;;Psychic;2
https://pocket.limitlesstcg.com/cards/A2/93;Hippopotas;Pokmon;Fighting;80;Basic;;Rolling Tackle;"60";;;Grass;3
https://pocket.limitlesstcg.com/cards/A2/94;Hippowdon;Pokmon;Fighting;140;Stage 1;https://pocket.limitlesstcg.com/cards/A2/93;Earthen Press;"120";;;Grass;4
https://pocket.limitlesstcg.com/cards/A2/95;Gallade ex;Pokmon;Fighting;170;Stage 2;https://pocket.limitlesstcg.com/cards/A2/69;Energized Blade;"70+";;;Psychic;1
https://pocket.limitlesstcg.com/cards/A2/96;Murkrow;Pokmon;Darkness;60;Basic;;Peck;"20";;;Lightning;1
https://pocket.limitlesstcg.com/cards/A2/97;Honchkrow;Pokmon;Darkness;100;Stage 1;https://pocket.limitlesstcg.com/cards/A2/96;Skill Dive;"0";;;Lightning;2
https://pocket.limitlesstcg.com/cards/A2/98;Sneasel;Pokmon;Darkness;60;Basic;;Double Scratch;"20x";;;Grass;1
https://pocket.limitlesstcg.com/cards/A3/80;Comfey;Pokmon;Psychic;70;Basic;;Spinning Attack;"30";;;Metal;1
https://pocket.limitlesstcg.com/cards/A2/99;Weavile ex;Pokmon;Darkness;140;Stage 1;https://pocket.limitlesstcg.com/cards/A2/98;Scratching Nails;"30+";;;Grass;1
https://pocket.limitlesstcg.com/cards/A2a/1;Heracross;Pokmon;Grass;100;Basic;;Single-Horn Throw;"50+";;;Fire;2
https://pocket.limitlesstcg.com/cards/A2a/10;Leafeon ex;Pokmon;Grass;140;Stage 1;https://pocket.limitlesstcg.com/cards/A2a/62;Solar Beam;"70";;;Fire;1
https://pocket.limitlesstcg.com/cards/A2a/11;Houndour;Pokmon;Fire;60;Basic;;Flare;"20";;;Water;1
https://pocket.limitlesstcg.com/cards/A2a/12;Houndoom;Pokmon;Fire;100;Stage 1;https://pocket.limitlesstcg.com/cards/A2a/11;Corner;"60";;;Water;2
https://pocket.limitlesstcg.com/cards/A2a/13;Heatran;Pokmon;Fire;110;Basic;;;;;;Water;3
https://pocket.limitlesstcg.com/cards/A2a/14;Marill;Pokmon;Water;60;Basic;;Water Gun;"20";;;Lightning;1
https://pocket.limitlesstcg.com/cards/A2a/15;Azumarill;Pokmon;Water;100;Stage 1;https://pocket.limitlesstcg.com/cards/A2a/14;Waterfall;"60";;;Lightning;2
https://pocket.limitlesstcg.com/cards/A2a/16;Barboach;Pokmon;Water;60;Basic;;Mud-Slap;"30";;;Lightning;1
https://pocket.limitlesstcg.com/cards/A2a/17;Whiscash;Pokmon;Water;120;Stage 1;https://pocket.limitlesstcg.com/cards/A2a/16;Thrash;"80+";;;Lightning;3
https://pocket.limitlesstcg.com/cards/A2a/18;Snorunt;Pokmon;Water;60;Basic;;Icicle;"20";;;Metal;1
https://pocket.limitlesstcg.com/cards/A2a/19;Froslass;Pokmon;Water;90;Stage 1;https://pocket.limitlesstcg.com/cards/A2a/18;Blizzard;"40";;;Metal;1
https://pocket.limitlesstcg.com/cards/A2a/2;Burmy;Pokmon;Grass;50;Basic;;Ram;"20";;;Fire;1
https://pocket.limitlesstcg.com/cards/A2a/20;Snover;Pokmon;Water;70;Basic;;Corkscrew Punch;"30";;;Metal;2
https://pocket.limitlesstcg.com/cards/A2a/21;Abomasnow;Pokmon;Water;120;Stage 1;https://pocket.limitlesstcg.com/cards/A2a/20;Mega Punch;"80";;;Metal;3
https://pocket.limitlesstcg.com/cards/A2a/22;Glaceon ex;Pokmon;Water;140;Stage 1;https://pocket.limitlesstcg.com/cards/A2a/62;Freezing Wind;"90";;;Metal;1
https://pocket.limitlesstcg.com/cards/A2a/23;Origin Forme Palkia;Pokmon;Water;120;Basic;;Zone Smash;"60+";;;Lightning;2
https://pocket.limitlesstcg.com/cards/A2a/24;Phione;Pokmon;Water;60;Basic;;Water Pulse;"40";;;Lightning;1
https://pocket.limitlesstcg.com/cards/A2a/25;Pikachu;Pokmon;Lightning;60;Basic;;Spark;"10";;;Fighting;1
https://pocket.limitlesstcg.com/cards/A2a/26;Raichu;Pokmon;Lightning;90;Stage 1;https://pocket.limitlesstcg.com/cards/A3/57;Spark;"40";;;Fighting;1
https://pocket.limitlesstcg.com/cards/A2a/27;Electrike;Pokmon;Lightning;60;Basic;;Zap Kick;"20";;;Fighting;1
https://pocket.limitlesstcg.com/cards/A2a/28;Manectric;Pokmon;Lightning;90;Stage 1;https://pocket.limitlesstcg.com/cards/A2a/27;Flash;"40";;;Fighting;1
https://pocket.limitlesstcg.com/cards/A2a/3;Mothim;Pokmon;Grass;90;Stage 1;https://pocket.limitlesstcg.com/cards/A2a/2;Gust;"50";;;Lightning;0
https://pocket.limitlesstcg.com/cards/A2a/30;Clefable;Pokmon;Psychic;100;Stage 1;https://pocket.limitlesstcg.com/cards/A2a/29;Moonblast;"60";;;Metal;2
https://pocket.limitlesstcg.com/cards/A2a/31;Gastly;Pokmon;Psychic;50;Basic;;Astonish;"0";;;Darkness;1
https://pocket.limitlesstcg.com/cards/A2a/32;Haunter;Pokmon;Psychic;80;Stage 1;https://pocket.limitlesstcg.com/cards/A3/220;Mumble;"40";;;Darkness;1
https://pocket.limitlesstcg.com/cards/A2a/33;Gengar;Pokmon;Psychic;140;Stage 2;https://pocket.limitlesstcg.com/cards/A3/221;Hypnoblast;"70";;;Darkness;1
https://pocket.limitlesstcg.com/cards/A2a/34;Unown;Pokmon;Psychic;60;Basic;;Hidden Power;"20";;;Darkness;1
https://pocket.limitlesstcg.com/cards/A2a/35;Rotom;Pokmon;Psychic;70;Basic;;Dash Attack;"0";;;Darkness;1
https://pocket.limitlesstcg.com/cards/A2a/36;Sudowoodo;Pokmon;Fighting;80;Basic;;Fighting Headbutt;"20+";;;Grass;2
https://pocket.limitlesstcg.com/cards/A2a/37;Phanpy;Pokmon;Fighting;60;Basic;;Rollout;"20";;;Grass;2
https://pocket.limitlesstcg.com/cards/A2a/38;Donphan;Pokmon;Fighting;120;Stage 1;https://pocket.limitlesstcg.com/cards/A2a/37;Rolling Spin;"60";;;Grass;3
https://pocket.limitlesstcg.com/cards/A2a/39;Larvitar;Pokmon;Fighting;60;Basic;;Corkscrew Punch;"30";;;Grass;1
https://pocket.limitlesstcg.com/cards/A2a/4;Combee;Pokmon;Grass;50;Basic;;Bug Bite;"20";;;Fire;1
https://pocket.limitlesstcg.com/cards/A2a/40;Pupitar;Pokmon;Fighting;80;Stage 1;https://pocket.limitlesstcg.com/cards/A2a/39;Speed Attack;"50";;;Grass;1
https://pocket.limitlesstcg.com/cards/A2a/41;Tyranitar;Pokmon;Fighting;160;Stage 2;https://pocket.limitlesstcg.com/cards/A2a/40;Land Crush;"130";;;Grass;4
https://pocket.limitlesstcg.com/cards/A2a/42;Nosepass;Pokmon;Fighting;80;Basic;;Tackle;"10";;;Grass;3
https://pocket.limitlesstcg.com/cards/A2a/43;Meditite;Pokmon;Fighting;60;Basic;;Kick;"20";;;Psychic;1
https://pocket.limitlesstcg.com/cards/A2a/44;Medicham;Pokmon;Fighting;100;Stage 1;https://pocket.limitlesstcg.com/cards/A2a/43;Kick Shot;"80";;;Psychic;1
https://pocket.limitlesstcg.com/cards/A2a/45;Gible;Pokmon;Fighting;60;Basic;;Tackle;"20";;;Grass;1
https://pocket.limitlesstcg.com/cards/A2a/46;Gabite;Pokmon;Fighting;80;Stage 1;https://pocket.limitlesstcg.com/cards/A2a/45;Sharp Scythe;"30";;;Grass;1
https://pocket.limitlesstcg.com/cards/A2a/47;Garchomp ex;Pokmon;Fighting;170;Stage 2;https://pocket.limitlesstcg.com/cards/A2a/46;Linear Attack;"0";Dragon Claw;"100";Grass;1
https://pocket.limitlesstcg.com/cards/A2a/48;Zubat;Pokmon;Darkness;50;Basic;;Bite;"20";;;Fighting;1
https://pocket.limitlesstcg.com/cards/A2a/49;Golbat;Pokmon;Darkness;80;Stage 1;https://pocket.limitlesstcg.com/cards/A2a/48;Bite;"30";;;Fighting;1
https://pocket.limitlesstcg.com/cards/A2a/5;Vespiquen;Pokmon;Grass;100;Stage 1;https://pocket.limitlesstcg.com/cards/A2a/4;Reckless Charge;"120";;;Fire;2
https://pocket.limitlesstcg.com/cards/A2a/50;Crobat;Pokmon;Darkness;110;Stage 2;https://pocket.limitlesstcg.com/cards/A2a/49;Darkness Fang;"50";;;Fighting;0
https://pocket.limitlesstcg.com/cards/A2a/51;Croagunk;Pokmon;Darkness;60;Basic;;Beat;"20";;;Fighting;1
https://pocket.limitlesstcg.com/cards/A2a/52;Toxicroak;Pokmon;Darkness;100;Stage 1;https://pocket.limitlesstcg.com/cards/A2a/51;Toxic;"0";;;Fighting;1
https://pocket.limitlesstcg.com/cards/A2a/53;Magnemite;Pokmon;Metal;60;Basic;;Tackle;"20";;;Fire;1
https://pocket.limitlesstcg.com/cards/A2a/54;Magneton;Pokmon;Metal;90;Stage 1;https://pocket.limitlesstcg.com/cards/A2a/53;Rolling Attack;"30";;;Fire;2
https://pocket.limitlesstcg.com/cards/A2a/55;Magnezone;Pokmon;Metal;140;Stage 2;https://pocket.limitlesstcg.com/cards/A2a/54;Power Beam;"80";;;Fire;2
https://pocket.limitlesstcg.com/cards/A2a/56;Mawile;Pokmon;Metal;70;Basic;;Iron Beam Breaker;"20+";;;Fire;1
https://pocket.limitlesstcg.com/cards/A2a/57;Probopass ex;Pokmon;Metal;160;Stage 1;https://pocket.limitlesstcg.com/cards/A2a/42;Defensive Unit;"90";;;Fire;3
https://pocket.limitlesstcg.com/cards/A2a/58;Bronzor;Pokmon;Metal;60;Basic;;Ram;"10";;;Fire;1
https://pocket.limitlesstcg.com/cards/A2a/59;Bronzong;Pokmon;Metal;120;Stage 1;https://pocket.limitlesstcg.com/cards/A2a/58;Psychic;"50+";;;Fire;3
https://pocket.limitlesstcg.com/cards/A2a/6;Cherubi;Pokmon;Grass;50;Basic;;Leafage;"20";;;Fire;1
https://pocket.limitlesstcg.com/cards/A2a/60;Origin Forme Dialga;Pokmon;Metal;120;Basic;;Time Mash;"100";;;Fire;2
https://pocket.limitlesstcg.com/cards/A2a/61;Giratina;Pokmon;Dragon;120;Basic;;Crisis Dive;"120";;;none;3
https://pocket.limitlesstcg.com/cards/A2a/62;Eevee;Pokmon;Colorless;60;Basic;;Tail Whap;"30";;;Fighting;1
https://pocket.limitlesstcg.com/cards/A2a/63;Snorlax;Pokmon;Colorless;140;Basic;;Collapse;"100";;;Fighting;4
https://pocket.limitlesstcg.com/cards/A2a/64;Hoothoot;Pokmon;Colorless;60;Basic;;Peck;"20";;;Lightning;1
https://pocket.limitlesstcg.com/cards/A2a/65;Noctowl;Pokmon;Colorless;100;Stage 1;https://pocket.limitlesstcg.com/cards/A2a/64;Silent Wing;"50";;;Lightning;1
https://pocket.limitlesstcg.com/cards/A2a/66;Starly;Pokmon;Colorless;60;Basic;;Glide;"20";;;Lightning;1
https://pocket.limitlesstcg.com/cards/A2a/67;Staravia;Pokmon;Colorless;80;Stage 1;https://pocket.limitlesstcg.com/cards/A2a/66;Wing Attack;"30";;;Lightning;1
https://pocket.limitlesstcg.com/cards/A2a/68;Staraptor;Pokmon;Colorless;150;Stage 2;https://pocket.limitlesstcg.com/cards/A2a/67;Brave Bird;"130";;;Lightning;2
https://pocket.limitlesstcg.com/cards/A2a/69;Shaymin;Pokmon;Colorless;70;Basic;;Flap;"30";;;Lightning;1
https://pocket.limitlesstcg.com/cards/A2a/7;Cherrim;Pokmon;Grass;80;Stage 1;https://pocket.limitlesstcg.com/cards/A2a/6;Worry Seed;"40";;;Fire;1
https://pocket.limitlesstcg.com/cards/A2a/70;Arceus;Pokmon;Colorless;120;Basic;;Power Blast;"100";;;Fighting;2
https://pocket.limitlesstcg.com/cards/A2a/71;Arceus ex;Pokmon;Colorless;140;Basic;;Ultimate Force;"70+";;;Fighting;2
https://pocket.limitlesstcg.com/cards/A2a/72;Irida;Trainer;Supporter;;;;;;;;;
https://pocket.limitlesstcg.com/cards/A2a/73;Celestic Town Elder;Trainer;Supporter;;;;;;;;;
https://pocket.limitlesstcg.com/cards/A2a/74;Barry;Trainer;Supporter;;;;;;;;;
https://pocket.limitlesstcg.com/cards/A2a/75;Adaman;Trainer;Supporter;;;;;;;;;
https://pocket.limitlesstcg.com/cards/A2a/8;Cherrim;Pokmon;Grass;80;Stage 1;https://pocket.limitlesstcg.com/cards/A2a/6;Leech Seed;"60";;;Fire;1
https://pocket.limitlesstcg.com/cards/A2a/9;Carnivine;Pokmon;Grass;80;Basic;;Vine Whip;"20";;;Fire;1
https://pocket.limitlesstcg.com/cards/A2b/1;Weedle;Pokmon;Grass;50;Basic;;Multiply;"0";;;Fire;1
https://pocket.limitlesstcg.com/cards/A2b/10;Charizard ex;Pokmon;Fire;180;Stage 2;https://pocket.limitlesstcg.com/cards/A2b/9;Stoke;"0";Steam Artillery;"150";Water;3
https://pocket.limitlesstcg.com/cards/A2b/11;Magmar;Pokmon;Fire;70;Basic;;Flare;"20";;;Water;1
https://pocket.limitlesstcg.com/cards/A2b/111;Pok Ball;Trainer;Item;;;;;;;;;
https://pocket.limitlesstcg.com/cards/A2b/12;Magmortar;Pokmon;Fire;120;Stage 1;https://pocket.limitlesstcg.com/cards/A2b/11;Smoke Bomb;"70";;;Water;3
https://pocket.limitlesstcg.com/cards/A2b/13;Paldean Tauros;Pokmon;Fire;110;Basic;;Blaze Tackle;"80";;;Water;2
https://pocket.limitlesstcg.com/cards/A2b/14;Tentacool;Pokmon;Water;70;Basic;;Rain Splash;"10";;;Lightning;1
https://pocket.limitlesstcg.com/cards/A2b/16;Buizel;Pokmon;Water;70;Basic;;Water Gun;"10";;;Lightning;1
https://pocket.limitlesstcg.com/cards/A2b/17;Floatzel;Pokmon;Water;90;Stage 1;https://pocket.limitlesstcg.com/cards/A2b/16;Water Arrow;"0";;;Lightning;1
https://pocket.limitlesstcg.com/cards/A2b/18;Wiglett;Pokmon;Water;60;Basic;;Spring Out;"0";;;Lightning;1
https://pocket.limitlesstcg.com/cards/A2b/19;Wugtrio ex;Pokmon;Water;140;Stage 1;https://pocket.limitlesstcg.com/cards/A2b/18;Pop Out Throughout;"0";;;Lightning;1
https://pocket.limitlesstcg.com/cards/A2b/2;Kakuna;Pokmon;Grass;80;Stage 1;https://pocket.limitlesstcg.com/cards/A2b/1;String Shot;"20";;;Fire;2
https://pocket.limitlesstcg.com/cards/A2b/20;Dondozo;Pokmon;Water;120;Basic;;Ocean Cyclone;"80";;;Lightning;3
https://pocket.limitlesstcg.com/cards/A2b/21;Tatsugiri;Pokmon;Water;70;Basic;;Rain Splash;"20";;;Lightning;1
https://pocket.limitlesstcg.com/cards/A2b/22;Pikachu ex;Pokmon;Lightning;120;Basic;;Thunderbolt;"150";;;Fighting;1
https://pocket.limitlesstcg.com/cards/A2b/23;Voltorb;Pokmon;Lightning;70;Basic;;Lightning Ball;"10";;;Fighting;1
https://pocket.limitlesstcg.com/cards/A2b/24;Electrode;Pokmon;Lightning;90;Stage 1;https://pocket.limitlesstcg.com/cards/A2b/23;Tumbling Attack;"50+";;;Fighting;1
https://pocket.limitlesstcg.com/cards/A2b/25;Pachirisu;Pokmon;Lightning;70;Basic;;Plasma;"10";;;Fighting;1
https://pocket.limitlesstcg.com/cards/A2b/26;Pawmi;Pokmon;Lightning;60;Basic;;Punch;"20";;;Fighting;1
https://pocket.limitlesstcg.com/cards/A2b/27;Pawmo;Pokmon;Lightning;90;Stage 1;https://pocket.limitlesstcg.com/cards/A2b/26;Punch;"40";;;Fighting;1
https://pocket.limitlesstcg.com/cards/A2b/28;Pawmot;Pokmon;Lightning;140;Stage 2;https://pocket.limitlesstcg.com/cards/A2b/27;Electric Punch;"70";;;Fighting;0
https://pocket.limitlesstcg.com/cards/A2b/29;Abra;Pokmon;Psychic;60;Basic;;Psyshot;"20";;;Darkness;1
https://pocket.limitlesstcg.com/cards/A2b/3;Beedrill ex;Pokmon;Grass;170;Stage 2;https://pocket.limitlesstcg.com/cards/A2b/2;Crushing Spear;"80";;;Fire;1
https://pocket.limitlesstcg.com/cards/A2b/30;Kadabra;Pokmon;Psychic;80;Stage 1;https://pocket.limitlesstcg.com/cards/A2b/29;Psyshot;"30";;;Darkness;1
https://pocket.limitlesstcg.com/cards/A3/81;Sandygast;Pokmon;Psychic;80;Basic;;Vibration;"30";;;Darkness;2
https://pocket.limitlesstcg.com/cards/A2b/31;Alakazam;Pokmon;Psychic;130;Stage 2;https://pocket.limitlesstcg.com/cards/A2b/30;Psychic Suppression;"80";;;Darkness;1
https://pocket.limitlesstcg.com/cards/A2b/32;Mr. Mime;Pokmon;Psychic;90;Basic;;Juggling;"20x";;;Darkness;1
https://pocket.limitlesstcg.com/cards/A2b/35;Giratina ex;Pokmon;Psychic;150;Basic;;Chaotic Impact;"130";;;Darkness;2
https://pocket.limitlesstcg.com/cards/A2b/36;Gimmighoul;Pokmon;Psychic;60;Basic;;Chest-ouflage;"0";;;Darkness;1
https://pocket.limitlesstcg.com/cards/A2b/37;Machop;Pokmon;Fighting;60;Basic;;Low Kick;"20";;;Psychic;1
https://pocket.limitlesstcg.com/cards/A2b/38;Machoke;Pokmon;Fighting;100;Stage 1;https://pocket.limitlesstcg.com/cards/A3/223;Pummel;"30+";;;Psychic;2
https://pocket.limitlesstcg.com/cards/A2b/39;Machamp;Pokmon;Fighting;150;Stage 2;https://pocket.limitlesstcg.com/cards/A3/224;Power Press;"70+";;;Psychic;2
https://pocket.limitlesstcg.com/cards/A2b/4;Pinsir;Pokmon;Grass;90;Basic;;Guillotine Rush;"50+";;;Fire;2
https://pocket.limitlesstcg.com/cards/A2b/40;Hitmonlee;Pokmon;Fighting;80;Basic;;Kick;"30";;;Psychic;1
https://pocket.limitlesstcg.com/cards/A2b/41;Hitmonchan;Pokmon;Fighting;90;Basic;;Magnum Punch;"90";;;Psychic;1
https://pocket.limitlesstcg.com/cards/A2b/42;Riolu;Pokmon;Fighting;70;Basic;;Punch;"40";;;Psychic;1
https://pocket.limitlesstcg.com/cards/A2b/43;Lucario ex;Pokmon;Fighting;150;Stage 1;https://pocket.limitlesstcg.com/cards/A2b/42;Aura Sphere;"100";;;Psychic;2
https://pocket.limitlesstcg.com/cards/A2b/44;Flamigo;Pokmon;Fighting;80;Basic;;Double Kick;"50x";;;Psychic;1
https://pocket.limitlesstcg.com/cards/A2b/45;Ekans;Pokmon;Darkness;70;Basic;;Ram;"30";;;Fighting;1
https://pocket.limitlesstcg.com/cards/A2b/46;Arbok;Pokmon;Darkness;110;Stage 1;https://pocket.limitlesstcg.com/cards/A2b/45;Venomous Fang;"70";;;Fighting;2
https://pocket.limitlesstcg.com/cards/A2b/47;Paldean Wooper;Pokmon;Darkness;50;Basic;;Poison Jab;"10";;;Fighting;1
https://pocket.limitlesstcg.com/cards/A2b/48;Paldean Clodsire ex;Pokmon;Darkness;160;Stage 1;https://pocket.limitlesstcg.com/cards/A2b/47;Venoshock;"60+";;;Fighting;3
https://pocket.limitlesstcg.com/cards/A2b/49;Spiritomb;Pokmon;Darkness;80;Basic;;Confuse Ray;"20";;;Grass;1
https://pocket.limitlesstcg.com/cards/A2b/5;Sprigatito;Pokmon;Grass;60;Basic;;Cry for Help;"0";;;Fire;1
https://pocket.limitlesstcg.com/cards/A2b/50;Shroodle;Pokmon;Darkness;60;Basic;;Gnaw;"20";;;Fighting;1
https://pocket.limitlesstcg.com/cards/A2b/51;Grafaiai;Pokmon;Darkness;90;Stage 1;https://pocket.limitlesstcg.com/cards/A2b/50;Bite;"40";;;Fighting;1
https://pocket.limitlesstcg.com/cards/A2b/52;Tinkatink;Pokmon;Metal;60;Basic;;Corkscrew Punch;"20";;;Fire;1
https://pocket.limitlesstcg.com/cards/A2b/53;Tinkatuff;Pokmon;Metal;90;Stage 1;https://pocket.limitlesstcg.com/cards/A2b/52;Tenacious Hammer;"30+";;;Fire;2
https://pocket.limitlesstcg.com/cards/A2b/54;Tinkaton ex;Pokmon;Metal;170;Stage 2;https://pocket.limitlesstcg.com/cards/A2b/53;Terrific Thumping;"80+";;;Fire;2
https://pocket.limitlesstcg.com/cards/A2b/55;Varoom;Pokmon;Metal;70;Basic;;Headbutt;"10";;;Fire;1
https://pocket.limitlesstcg.com/cards/A2b/56;Revavroom;Pokmon;Metal;110;Stage 1;https://pocket.limitlesstcg.com/cards/A2b/55;Spinning Drift;"70";;;Fire;2
https://pocket.limitlesstcg.com/cards/A2b/57;Gholdengo;Pokmon;Metal;120;Stage 1;https://pocket.limitlesstcg.com/cards/A2b/36;Scintillating Surfing;"50x";;;Fire;2
https://pocket.limitlesstcg.com/cards/A2b/58;Rattata;Pokmon;Colorless;50;Basic;;Tackle;"10";;;Fighting;1
https://pocket.limitlesstcg.com/cards/A2b/59;Raticate;Pokmon;Colorless;90;Stage 1;https://pocket.limitlesstcg.com/cards/A2b/58;Tackle;"50";;;Fighting;1
https://pocket.limitlesstcg.com/cards/A2b/6;Floragato;Pokmon;Grass;90;Stage 1;https://pocket.limitlesstcg.com/cards/A2b/5;Slash;"40";;;Fire;1
https://pocket.limitlesstcg.com/cards/A2b/60;Jigglypuff;Pokmon;Colorless;60;Basic;;Rollout;"20";;;Fighting;1
https://pocket.limitlesstcg.com/cards/A2b/61;Wigglytuff;Pokmon;Colorless;100;Stage 1;https://pocket.limitlesstcg.com/cards/A3/228;Gentle Slap;"50";;;Fighting;2
https://pocket.limitlesstcg.com/cards/A2b/62;Lickitung;Pokmon;Colorless;80;Basic;;Rollout;"30";;;Fighting;2
https://pocket.limitlesstcg.com/cards/A2b/63;Lickilicky;Pokmon;Colorless;130;Stage 1;https://pocket.limitlesstcg.com/cards/A2b/62;Rollout;"70";;;Fighting;3
https://pocket.limitlesstcg.com/cards/A2b/64;Bidoof;Pokmon;Colorless;70;Basic;;Headbutt;"30";;;Fighting;2
https://pocket.limitlesstcg.com/cards/A2b/65;Bibarel ex;Pokmon;Colorless;160;Stage 1;https://pocket.limitlesstcg.com/cards/A2b/64;Carefree Press;"100";;;Fighting;3
https://pocket.limitlesstcg.com/cards/A2b/66;Buneary;Pokmon;Colorless;50;Basic;;Pound;"20";;;Fighting;1
https://pocket.limitlesstcg.com/cards/A2b/67;Lopunny;Pokmon;Colorless;100;Stage 1;https://pocket.limitlesstcg.com/cards/A2b/66;Hopping Shot;"30";;;Fighting;1
https://pocket.limitlesstcg.com/cards/A2b/68;Cyclizar;Pokmon;Colorless;80;Basic;;Overacceleration;"20";;;Fighting;1
https://pocket.limitlesstcg.com/cards/A2b/69;Iono;Trainer;Supporter;;;;;;;;;
https://pocket.limitlesstcg.com/cards/A2b/7;Meowscarada;Pokmon;Grass;140;Stage 2;https://pocket.limitlesstcg.com/cards/A2b/6;Fighting Claws;"60+";;;Fire;1
https://pocket.limitlesstcg.com/cards/A2b/70;Pokmon Center Lady;Trainer;Supporter;;;;;;;;;
https://pocket.limitlesstcg.com/cards/A2b/71;Red;Trainer;Supporter;;;;;;;;;
https://pocket.limitlesstcg.com/cards/A2b/72;Team Rocket Grunt;Trainer;Supporter;;;;;;;;;
https://pocket.limitlesstcg.com/cards/A2b/8;Charmander;Pokmon;Fire;60;Basic;;Combustion;"20";;;Water;1
https://pocket.limitlesstcg.com/cards/A2b/9;Charmeleon;Pokmon;Fire;90;Stage 1;https://pocket.limitlesstcg.com/cards/A2b/8;Combustion;"40";;;Water;2
https://pocket.limitlesstcg.com/cards/A3/1;Exeggcute;Pokmon;Grass;60;Basic;;Rolling Tackle;"30";;;Fire;1
https://pocket.limitlesstcg.com/cards/A3/10;Rowlet;Pokmon;Grass;60;Basic;;Skill Dive;"0";;;Fire;1
https://pocket.limitlesstcg.com/cards/A3/100;Lycanroc;Pokmon;Fighting;100;Stage 1;https://pocket.limitlesstcg.com/cards/A3/98;Crunch;"80";;;Grass;1
https://pocket.limitlesstcg.com/cards/A3/101;Lycanroc;Pokmon;Fighting;100;Stage 1;https://pocket.limitlesstcg.com/cards/A3/98;Blood Fang;"50+";;;Grass;1
https://pocket.limitlesstcg.com/cards/A3/104;Passimian ex;Pokmon;Fighting;130;Basic;;Seismic Toss;"60";;;Psychic;2
https://pocket.limitlesstcg.com/cards/A3/105;Minior;Pokmon;Fighting;80;Basic;;Star Drop;"0";;;Grass;1
https://pocket.limitlesstcg.com/cards/A3/11;Dartrix;Pokmon;Grass;80;Stage 1;https://pocket.limitlesstcg.com/cards/A3/9;Razor Wing;"30";;;Fire;1
https://pocket.limitlesstcg.com/cards/A3/110;Alolan Grimer;Pokmon;Darkness;70;Basic;;Sludge Toss;"30";;;Fighting;2
https://pocket.limitlesstcg.com/cards/A3/111;Alolan Muk ex;Pokmon;Darkness;160;Stage 1;https://pocket.limitlesstcg.com/cards/A3/110;Chemical Panic;"80";;;Fighting;3
https://pocket.limitlesstcg.com/cards/A3/112;Absol;Pokmon;Darkness;80;Basic;;Unseen Claw;"20+";;;Grass;1
https://pocket.limitlesstcg.com/cards/A3/115;Mareanie;Pokmon;Darkness;70;Basic;;Pierce;"20";;;Fighting;2
https://pocket.limitlesstcg.com/cards/A3/116;Toxapex;Pokmon;Darkness;110;Stage 1;https://pocket.limitlesstcg.com/cards/A3/115;Spike Cannon;"20x";;;Fighting;2
https://pocket.limitlesstcg.com/cards/A3/117;Alolan Diglett;Pokmon;Metal;50;Basic;;Headbutt;"20";;;Fire;1
https://pocket.limitlesstcg.com/cards/A3/118;Alolan Dugtrio;Pokmon;Metal;90;Stage 1;https://pocket.limitlesstcg.com/cards/A3/117;Iron Head;"70x";;;Fire;1
https://pocket.limitlesstcg.com/cards/A3/119;Excadrill;Pokmon;Metal;110;Stage 1;https://pocket.limitlesstcg.com/cards/A3/93;Slash;"50";;;Fire;3
https://pocket.limitlesstcg.com/cards/A3/12;Decidueye ex;Pokmon;Grass;170;Stage 2;https://pocket.limitlesstcg.com/cards/A3/11;Pierce the Pain;"0";Razor Leaf;"80";Fire;1
https://pocket.limitlesstcg.com/cards/A3/120;Escavalier;Pokmon;Metal;110;Stage 1;https://pocket.limitlesstcg.com/cards/A3/6;Pike;"30";;;Fire;3
https://pocket.limitlesstcg.com/cards/A3/121;Klefki;Pokmon;Metal;70;Basic;;Unlock;"10";;;Fire;1
https://pocket.limitlesstcg.com/cards/A3/122;Solgaleo ex;Pokmon;Metal;180;Stage 2;https://pocket.limitlesstcg.com/cards/A3/86;Sol Breaker;"120";;;Fire;2
https://pocket.limitlesstcg.com/cards/A3/123;Magearna;Pokmon;Metal;90;Basic;;Silver Cannon;"40+";;;Fire;1
https://pocket.limitlesstcg.com/cards/A3/124;Drampa;Pokmon;Dragon;100;Basic;;Berserk;"20+";;;none;2
https://pocket.limitlesstcg.com/cards/A3/125;Jangmo-o;Pokmon;Dragon;60;Basic;;Headbutt;"20";;;none;1
https://pocket.limitlesstcg.com/cards/A3/126;Hakamo-o;Pokmon;Dragon;100;Stage 1;https://pocket.limitlesstcg.com/cards/A3/125;Dragon Claw;"60";;;none;2
https://pocket.limitlesstcg.com/cards/A3/127;Kommo-o;Pokmon;Dragon;150;Stage 2;https://pocket.limitlesstcg.com/cards/A3/126;Clanging Scales;"130";;;none;2
https://pocket.limitlesstcg.com/cards/A3/128;Tauros;Pokmon;Colorless;100;Basic;;Rising Lunge;"50+";;;Fighting;2
https://pocket.limitlesstcg.com/cards/A3/129;Skitty;Pokmon;Colorless;60;Basic;;Tackle;"20";;;Fighting;1
https://pocket.limitlesstcg.com/cards/A3/13;Grubbin;Pokmon;Grass;60;Basic;;Gnaw;"10";;;Fire;1
https://pocket.limitlesstcg.com/cards/A3/130;Delcatty;Pokmon;Colorless;90;Stage 1;https://pocket.limitlesstcg.com/cards/A3/129;Energy Assist;"30";;;Fighting;1
https://pocket.limitlesstcg.com/cards/A3/131;Fletchling;Pokmon;Colorless;50;Basic;;Flap;"20";;;Lightning;1
https://pocket.limitlesstcg.com/cards/A3/132;Hawlucha;Pokmon;Colorless;80;Basic;;Justified Press;"20+";;;Lightning;1
https://pocket.limitlesstcg.com/cards/A3/133;Pikipek;Pokmon;Colorless;50;Basic;;Peck;"20";;;Lightning;1
https://pocket.limitlesstcg.com/cards/A3/134;Trumbeak;Pokmon;Colorless;80;Stage 1;https://pocket.limitlesstcg.com/cards/A3/133;Glide;"30";;;Lightning;1
https://pocket.limitlesstcg.com/cards/A3/135;Toucannon;Pokmon;Colorless;140;Stage 2;https://pocket.limitlesstcg.com/cards/A3/134;Drill Peck;"70";;;Lightning;2
https://pocket.limitlesstcg.com/cards/A3/138;Stufful;Pokmon;Colorless;70;Basic;;Hammer In;"60";;;Fighting;2
https://pocket.limitlesstcg.com/cards/A3/139;Bewear;Pokmon;Colorless;130;Stage 1;https://pocket.limitlesstcg.com/cards/A3/138;Tantrum;"130";;;Fighting;3
https://pocket.limitlesstcg.com/cards/A3/14;Fomantis;Pokmon;Grass;60;Basic;;Leafage;"20";;;Fire;1
https://pocket.limitlesstcg.com/cards/A3/140;Oranguru;Pokmon;Colorless;100;Basic;;;;;;Fighting;2
https://pocket.limitlesstcg.com/cards/A3/141;Komala;Pokmon;Colorless;90;Basic;;Rolling Tackle;"70";;;Fighting;2
https://pocket.limitlesstcg.com/cards/A3/142;Big Malasada;Trainer;Item;;;;;;;;;
https://pocket.limitlesstcg.com/cards/A3/143;Fishing Net;Trainer;Item;;;;;;;;;
https://pocket.limitlesstcg.com/cards/A3/144;Rare Candy;Trainer;Item;;;;;;;;;
https://pocket.limitlesstcg.com/cards/A3/145;Rotom Dex;Trainer;Item;;;;;;;;;
https://pocket.limitlesstcg.com/cards/A3/146;Poison Barb;Trainer;Tool;;;;;;;;;
https://pocket.limitlesstcg.com/cards/A3/147;Leaf Cape;Trainer;Tool;;;;;;;;;
https://pocket.limitlesstcg.com/cards/A3/148;Acerola;Trainer;Supporter;;;;;;;;;
https://pocket.limitlesstcg.com/cards/A3/149;Ilima;Trainer;Supporter;;;;;;;;;
https://pocket.limitlesstcg.com/cards/A3/15;Lurantis;Pokmon;Grass;90;Stage 1;https://pocket.limitlesstcg.com/cards/A3/14;Petal Blizzard;"0";;;Fire;1
https://pocket.limitlesstcg.com/cards/A3/150;Kiawe;Trainer;Supporter;;;;;;;;;
https://pocket.limitlesstcg.com/cards/A3/151;Guzma;Trainer;Supporter;;;;;;;;;
https://pocket.limitlesstcg.com/cards/A3/152;Lana;Trainer;Supporter;;;;;;;;;
https://pocket.limitlesstcg.com/cards/A3/153;Sophocles;Trainer;Supporter;;;;;;;;;
https://pocket.limitlesstcg.com/cards/A3/154;Mallow;Trainer;Supporter;;;;;;;;;
https://pocket.limitlesstcg.com/cards/A3/155;Lillie;Trainer;Supporter;;;;;;;;;
https://pocket.limitlesstcg.com/cards/A3/18;Bounsweet;Pokmon;Grass;50;Basic;;Stampede;"20";;;Fire;1
https://pocket.limitlesstcg.com/cards/A3/19;Steenee;Pokmon;Grass;80;Stage 1;https://pocket.limitlesstcg.com/cards/A3/18;Double Spin;"30x";;;Fire;1
https://pocket.limitlesstcg.com/cards/A3/2;Alolan Exeggutor;Pokmon;Grass;150;Stage 1;https://pocket.limitlesstcg.com/cards/A3/1;Tropical Hammer;"150";;;Fire;4
https://pocket.limitlesstcg.com/cards/A3/20;Tsareena;Pokmon;Grass;130;Stage 2;https://pocket.limitlesstcg.com/cards/A3/19;Three Kick Combo;"50x";;;Fire;2
https://pocket.limitlesstcg.com/cards/A3/21;Wimpod;Pokmon;Grass;70;Basic;;Gnaw;"30";;;Fire;3
https://pocket.limitlesstcg.com/cards/A3/22;Golisopod;Pokmon;Grass;120;Stage 1;https://pocket.limitlesstcg.com/cards/A3/21;First Impression;"60+";;;Fire;2
https://pocket.limitlesstcg.com/cards/A3/23;Dhelmise ex;Pokmon;Grass;140;Basic;;Anchor Shot;"80";;;Fire;2
https://pocket.limitlesstcg.com/cards/A3/24;Tapu Bulu;Pokmon;Grass;120;Basic;;Stuck-In Tackle;"100";;;Fire;2
https://pocket.limitlesstcg.com/cards/A3/27;Alolan Marowak;Pokmon;Fire;110;Stage 1;https://pocket.limitlesstcg.com/cards/A3/89;Burning Bonemerang;"70x";;;Water;2
https://pocket.limitlesstcg.com/cards/A3/28;Fletchinder;Pokmon;Fire;80;Stage 1;https://pocket.limitlesstcg.com/cards/A3/131;Steady Firebreathing;"30";;;Lightning;1
https://pocket.limitlesstcg.com/cards/A3/29;Talonflame;Pokmon;Fire;120;Stage 2;https://pocket.limitlesstcg.com/cards/A3/28;Fire Wing;"90";;;Lightning;1
https://pocket.limitlesstcg.com/cards/A3/30;Litten;Pokmon;Fire;60;Basic;;Heat Tackle;"30";;;Water;1
https://pocket.limitlesstcg.com/cards/A3/31;Litten;Pokmon;Fire;60;Basic;;Scratch;"20";;;Water;1
https://pocket.limitlesstcg.com/cards/A3/32;Torracat;Pokmon;Fire;80;Stage 1;https://pocket.limitlesstcg.com/cards/A3/30;Heat Tackle;"40";;;Water;1
https://pocket.limitlesstcg.com/cards/A3/33;Incineroar ex;Pokmon;Fire;180;Stage 2;https://pocket.limitlesstcg.com/cards/A3/32;Fire Fang;"30";Scar-Charged Smash;"80+";Water;2
https://pocket.limitlesstcg.com/cards/A3/34;Oricorio;Pokmon;Fire;70;Basic;;Kindle;"40";;;Water;1
https://pocket.limitlesstcg.com/cards/A3/35;Salandit;Pokmon;Fire;50;Basic;;Gnaw;"20";;;Water;1
https://pocket.limitlesstcg.com/cards/A3/36;Salazzle;Pokmon;Fire;90;Stage 1;https://pocket.limitlesstcg.com/cards/A3/35;Heated Poison;"30";;;Water;1
https://pocket.limitlesstcg.com/cards/A3/37;Turtonator;Pokmon;Fire;120;Basic;;Fire Spin;"90";;;Water;4
https://pocket.limitlesstcg.com/cards/A3/38;Alolan Sandshrew;Pokmon;Water;60;Basic;;Scratch;"20";;;Metal;1
https://pocket.limitlesstcg.com/cards/A3/39;Alolan Sandslash;Pokmon;Water;100;Stage 1;https://pocket.limitlesstcg.com/cards/A3/38;Spike Armor;"20";;;Metal;1
https://pocket.limitlesstcg.com/cards/A3/40;Alolan Vulpix;Pokmon;Water;60;Basic;;Call Forth Cold;"0";;;Metal;1
https://pocket.limitlesstcg.com/cards/A3/41;Alolan Ninetales;Pokmon;Water;110;Stage 1;https://pocket.limitlesstcg.com/cards/A3/40;Blizzard;"60";;;Metal;1
https://pocket.limitlesstcg.com/cards/A3/45;Popplio;Pokmon;Water;60;Basic;;Sing;"0";;;Lightning;1
https://pocket.limitlesstcg.com/cards/A3/46;Popplio;Pokmon;Water;60;Basic;;Water Gun;"20";;;Lightning;1
https://pocket.limitlesstcg.com/cards/A3/47;Brionne;Pokmon;Water;80;Stage 1;https://pocket.limitlesstcg.com/cards/A3/45;Wave Splash;"30";;;Lightning;1
https://pocket.limitlesstcg.com/cards/A3/48;Primarina;Pokmon;Water;140;Stage 2;https://pocket.limitlesstcg.com/cards/A3/47;Surf;"60";;;Lightning;2
https://pocket.limitlesstcg.com/cards/A3/49;Crabominable ex;Pokmon;Water;160;Stage 1;https://pocket.limitlesstcg.com/cards/A3/97;Insatiable Striking;"40";;;Metal;3
https://pocket.limitlesstcg.com/cards/A3/5;Maractus;Pokmon;Grass;90;Basic;;Sting;"40";;;Fire;1
https://pocket.limitlesstcg.com/cards/A3/50;Wishiwashi;Pokmon;Water;30;Basic;;Call for Family;"0";;;Lightning;1
https://pocket.limitlesstcg.com/cards/A3/51;Wishiwashi ex;Pokmon;Water;170;Basic;;School Storm;"30+";;;Lightning;3
https://pocket.limitlesstcg.com/cards/A3/52;Dewpider;Pokmon;Water;60;Basic;;Hook;"30";;;Lightning;1
https://pocket.limitlesstcg.com/cards/A3/53;Araquanid;Pokmon;Water;110;Stage 1;https://pocket.limitlesstcg.com/cards/A3/52;Dangerous Claws;"60+";;;Lightning;2
https://pocket.limitlesstcg.com/cards/A3/54;Pyukumuku;Pokmon;Water;60;Basic;;Sprinkle Water;"20";;;Lightning;1
https://pocket.limitlesstcg.com/cards/A3/56;Tapu Fini;Pokmon;Water;100;Basic;;Spiral Drain;"60";;;Lightning;1
https://pocket.limitlesstcg.com/cards/A3/57;Pikachu;Pokmon;Lightning;60;Basic;;Tail Smack;"30";;;Fighting;1
https://pocket.limitlesstcg.com/cards/A3/58;Alolan Raichu ex;Pokmon;Lightning;140;Stage 1;https://pocket.limitlesstcg.com/cards/A3/57;Psychic;"60+";;;Fighting;1
https://pocket.limitlesstcg.com/cards/A3/59;Alolan Geodude;Pokmon;Lightning;70;Basic;;Knuckle Punch;"40";;;Fighting;2
https://pocket.limitlesstcg.com/cards/A3/6;Karrablast;Pokmon;Grass;60;Basic;;Headbutt;"10";;;Fire;1
https://pocket.limitlesstcg.com/cards/A3/60;Alolan Graveler;Pokmon;Lightning;110;Stage 1;https://pocket.limitlesstcg.com/cards/A3/59;Heavy Impact;"60";;;Fighting;3
https://pocket.limitlesstcg.com/cards/A3/61;Alolan Golem;Pokmon;Lightning;160;Stage 2;https://pocket.limitlesstcg.com/cards/A3/60;Super Zap Cannon;"150";;;Fighting;4
https://pocket.limitlesstcg.com/cards/A3/64;Charjabug;Pokmon;Lightning;90;Stage 1;https://pocket.limitlesstcg.com/cards/A3/13;Vise Grip;"30";;;Fighting;2
https://pocket.limitlesstcg.com/cards/A3/65;Vikavolt;Pokmon;Lightning;140;Stage 2;https://pocket.limitlesstcg.com/cards/A3/64;Disconnect;"70";;;Fighting;1
https://pocket.limitlesstcg.com/cards/A3/66;Oricorio;Pokmon;Lightning;70;Basic;;Zzzap;"50";;;Fighting;1
https://pocket.limitlesstcg.com/cards/A3/67;Togedemaru;Pokmon;Lightning;70;Basic;;Electrosmash;"20+";;;Fighting;1
https://pocket.limitlesstcg.com/cards/A3/68;Tapu Koko;Pokmon;Lightning;100;Basic;;Volt Switch;"70";;;Fighting;1
https://pocket.limitlesstcg.com/cards/A3/70;Sableye;Pokmon;Psychic;80;Basic;;Corner;"40";;;Darkness;1
https://pocket.limitlesstcg.com/cards/A3/73;Lunatone;Pokmon;Psychic;90;Basic;;Moon Press;"50";;;Darkness;2
https://pocket.limitlesstcg.com/cards/A3/74;Shuppet;Pokmon;Psychic;60;Basic;;Will-O-Wisp;"20";;;Darkness;1
https://pocket.limitlesstcg.com/cards/A3/75;Banette;Pokmon;Psychic;90;Stage 1;https://pocket.limitlesstcg.com/cards/A3/74;Night Bind;"30";;;Darkness;1
https://pocket.limitlesstcg.com/cards/A3/76;Oricorio;Pokmon;Psychic;70;Basic;;Dazzle Dance;"40";;;Darkness;1
https://pocket.limitlesstcg.com/cards/A3/77;Oricorio;Pokmon;Psychic;70;Basic;;Spiteful Dance;"20+";;;Darkness;1
https://pocket.limitlesstcg.com/cards/A3/82;Palossand;Pokmon;Psychic;130;Stage 1;https://pocket.limitlesstcg.com/cards/A3/81;Spooky Shot;"70";;;Darkness;3
https://pocket.limitlesstcg.com/cards/A3/83;Mimikyu;Pokmon;Psychic;70;Basic;;Shadow Hit;"60";;;Darkness;1
https://pocket.limitlesstcg.com/cards/A3/84;Tapu Lele;Pokmon;Psychic;90;Basic;;Energy Arrow;"0";;;Metal;1
https://pocket.limitlesstcg.com/cards/A3/85;Cosmog;Pokmon;Psychic;60;Basic;;Teleport;"0";;;Darkness;1
https://pocket.limitlesstcg.com/cards/A3/86;Cosmoem;Pokmon;Psychic;100;Stage 1;https://pocket.limitlesstcg.com/cards/A3/85;Stiffen;"0";;;Darkness;3
https://pocket.limitlesstcg.com/cards/A3/87;Lunala ex;Pokmon;Psychic;180;Stage 2;https://pocket.limitlesstcg.com/cards/A3/86;Lunar Blast;"100";;;Darkness;1
https://pocket.limitlesstcg.com/cards/A3/88;Necrozma;Pokmon;Psychic;120;Basic;;Prismatic Laser;"120";;;Darkness;2
https://pocket.limitlesstcg.com/cards/A3/89;Cubone;Pokmon;Fighting;60;Basic;;Beat;"30";;;Grass;1
https://pocket.limitlesstcg.com/cards/A3/9;Rowlet;Pokmon;Grass;60;Basic;;Leafage;"20";;;Fire;1
https://pocket.limitlesstcg.com/cards/A3/90;Makuhita;Pokmon;Fighting;70;Basic;;Slap Push;"20";;;Psychic;2
https://pocket.limitlesstcg.com/cards/A3/91;Hariyama;Pokmon;Fighting;120;Stage 1;https://pocket.limitlesstcg.com/cards/A3/90;Push Out;"50";;;Psychic;3
https://pocket.limitlesstcg.com/cards/A3/93;Drilbur;Pokmon;Fighting;60;Basic;;Scratch;"10";;;Grass;1
https://pocket.limitlesstcg.com/cards/A3/94;Timburr;Pokmon;Fighting;60;Basic;;Corkscrew Punch;"20";;;Psychic;1
https://pocket.limitlesstcg.com/cards/A3/95;Gurdurr;Pokmon;Fighting;90;Stage 1;https://pocket.limitlesstcg.com/cards/A3/94;Strength;"40";;;Psychic;2
https://pocket.limitlesstcg.com/cards/A3/96;Conkeldurr;Pokmon;Fighting;150;Stage 2;https://pocket.limitlesstcg.com/cards/A3/95;Mega Punch;"80";;;Psychic;3
https://pocket.limitlesstcg.com/cards/A3/97;Crabrawler;Pokmon;Fighting;70;Basic;;Punch;"20";;;Psychic;2
https://pocket.limitlesstcg.com/cards/A3/98;Rockruff;Pokmon;Fighting;60;Basic;;Signs of Evolution;"0";;;Grass;1
https://pocket.limitlesstcg.com/cards/A3/99;Rockruff;Pokmon;Fighting;60;Basic;;Tackle;"20";;;Grass;1
https://pocket.limitlesstcg.com/cards/P-A/1;Potion;Trainer;Item;;;;;;;;;
https://pocket.limitlesstcg.com/cards/P-A/14;Lapras ex;Pokmon;Water;140;Basic;;Bubble Drain;"80";;;Lightning;3
https://pocket.limitlesstcg.com/cards/P-A/17;Mankey;Pokmon;Fighting;50;Basic;;Reckless Charge;"30";;;Psychic;1
https://pocket.limitlesstcg.com/cards/P-A/2;X Speed;Trainer;Item;;;;;;;;;
https://pocket.limitlesstcg.com/cards/P-A/20;Haunter;Pokmon;Psychic;70;Stage 1;https://pocket.limitlesstcg.com/cards/A3/220;Surprise Attack;"50";;;Darkness;1
https://pocket.limitlesstcg.com/cards/P-A/22;Jigglypuff;Pokmon;Colorless;60;Basic;;Sing;"0";;;Fighting;1
https://pocket.limitlesstcg.com/cards/P-A/27;Snivy;Pokmon;Grass;60;Basic;;Tackle;"20";;;Fire;1
https://pocket.limitlesstcg.com/cards/P-A/3;Hand Scope;Trainer;Item;;;;;;;;;
https://pocket.limitlesstcg.com/cards/P-A/30;Eevee;Pokmon;Colorless;60;Basic;;Growl;"0";;;Fighting;1
https://pocket.limitlesstcg.com/cards/P-A/37;Cresselia ex;Pokmon;Psychic;140;Basic;;Psychic Flash;"80";;;Darkness;2
https://pocket.limitlesstcg.com/cards/P-A/38;Misdreavus;Pokmon;Psychic;60;Basic;;Confuse Ray;"0";;;Darkness;1
https://pocket.limitlesstcg.com/cards/P-A/4;Pokdex;Trainer;Item;;;;;;;;;
https://pocket.limitlesstcg.com/cards/P-A/45;Nosepass;Pokmon;Fighting;60;Basic;;Iron Defense;"0";;;Grass;1
https://pocket.limitlesstcg.com/cards/P-A/47;Staraptor;Pokmon;Colorless;140;Stage 2;https://pocket.limitlesstcg.com/cards/A2a/67;Wing Attack;"90";;;Lightning;1
https://pocket.limitlesstcg.com/cards/P-A/5;Pok Ball;Trainer;Item;;;;;;;;;
https://pocket.limitlesstcg.com/cards/P-A/53;Floatzel;Pokmon;Water;100;Stage 1;https://pocket.limitlesstcg.com/cards/A2b/16;Attack the Wound;"10+";;;Lightning;1
https://pocket.limitlesstcg.com/cards/P-A/56;Ekans;Pokmon;Darkness;60;Basic;;Poison Sting;"0";;;Fighting;1
https://pocket.limitlesstcg.com/cards/P-A/6;Red Card;Trainer;Item;;;;;;;;;
https://pocket.limitlesstcg.com/cards/P-A/63;Rayquaza;Pokmon;Colorless;100;Basic;;Spiral Rush;"70+";;;Lightning;1
https://pocket.limitlesstcg.com/cards/P-A/65;Rayquaza ex;Pokmon;Colorless;140;Basic;;Draco Meteor;"0";;;Lightning;2
https://pocket.limitlesstcg.com/cards/P-A/7;Professor's Research;Trainer;Supporter;;;;;;;;;
https://pocket.limitlesstcg.com/cards/P-A/72;Alolan Grimer;Pokmon;Darkness;70;Basic;;Poison Gas;"0";;;Fighting;2
https://pocket.limitlesstcg.com/cards/P-A/73;Toucannon;Pokmon;Colorless;140;Stage 2;https://pocket.limitlesstcg.com/cards/A3/134;Beak Blast;"80";;;Lightning;2
https://pocket.limitlesstcg.com/cards/P-A/8;Pokdex;Trainer;Item;;;;;;;;;
